asof_date,team_abbrev,player_name,status,details,source
2025-12-21,TOR,J. Poeltl,OUT,J. Poeltl (Out),rotowire
2025-12-21,HOU,Tari Eason,OUT,Tari Eason (Out),rotowire
2025-12-21,WSH,B. Coulibaly,OUT,B. Coulibaly (Out),rotowire
2025-12-21,WSH,J. Watkins,OUT,J. Watkins (Out),rotowire
2025-12-21,WSH,C. Whitmore,OUT,C. Whitmore (Out),rotowire
2025-12-21,ATL,N. Dante,OUT,N. Dante (Out),rotowire
2025-12-21,ATL,K. Porzingis,OUT,K. Porzingis (Out),rotowire
2025-12-21,CHI,N. Essengue,OFS,N. Essengue (OFS),rotowire
2025-12-21,BKN,H. Highsmith,OUT,H. Highsmith (Out),rotowire
2025-12-21,BKN,D. Powell,OUT,D. Powell (Out),rotowire
2025-12-21,BKN,Cam Thomas,OUT,Cam Thomas (Out),rotowire
2025-12-21,TOR,RJ Barrett,OUT,RJ Barrett (Out),rotowire
2025-12-21,NY,M. McBride,OUT,M. McBride (Out),rotowire
2025-12-21,NY,L. Shamet,OUT,L. Shamet (Out),rotowire
2025-12-21,MIA,T. Herro,OUT,T. Herro (Out),rotowire
2025-12-21,MIA,N. Jovic,OUT,N. Jovic (Out),rotowire
2025-12-21,MIA,P. Larsson,OUT,P. Larsson (Out),rotowire
2025-12-21,MIA,T. Rozier,OUT,T. Rozier (Out),rotowire
2025-12-21,WSH,C. Kispert,OUT,C. Kispert (Out),rotowire
2025-12-21,WSH,Alex Sarr,OUT,Alex Sarr (Out),rotowire
2025-12-21,MIL,G. Antetokounmpo,OUT,G. Antetokounmpo (Out),rotowire
2025-12-21,MIL,T. Prince,OUT,T. Prince (Out),rotowire
2025-12-21,SAC,D. Eubanks,OUT,D. Eubanks (Out),rotowire
2025-12-21,SAC,Z. LaVine,OUT,Z. LaVine (Out),rotowire
2025-12-21,SAC,D. Sabonis,OUT,D. Sabonis (Out),rotowire
2025-12-21,HOU,D. Finney-Smith,OUT,D. Finney-Smith (Out),rotowire
2025-12-21,HOU,F. VanVleet,OUT,F. VanVleet (Out),rotowire
2025-12-22,CHA,R. Kalkbrenner,OUT,R. Kalkbrenner (Out),rotowire
2025-12-22,CHA,C. Sexton,OUT,C. Sexton (Out),rotowire
2025-12-22,CHA,G. Williams,OUT,G. Williams (Out),rotowire
2025-12-22,CLE,E. Mobley,OUT,E. Mobley (Out),rotowire
2025-12-22,CLE,L. Nance,OUT,L. Nance (Out),rotowire
2025-12-22,CLE,Max Strus,OUT,Max Strus (Out),rotowire
2025-12-22,IND,T. Haliburton,OFS,T. Haliburton (OFS),rotowire
2025-12-22,IND,T. McConnell,OUT,T. McConnell (Out),rotowire
2025-12-22,IND,A. Nesmith,OUT,A. Nesmith (Out),rotowire
2025-12-22,IND,B. Sheppard,OUT,B. Sheppard (Out),rotowire
2025-12-22,IND,Obi Toppin,OUT,Obi Toppin (Out),rotowire
2025-12-22,BOS,J. Tatum,OUT,J. Tatum (Out),rotowire
2025-12-22,BOS,J. Walsh,OUT,J. Walsh (Out),rotowire
2025-12-22,DAL,Dante Exum,OFS,Dante Exum (OFS),rotowire
2025-12-22,DAL,D. Lively,OFS,D. Lively (OFS),rotowire
2025-12-22,DAL,K. Irving,OUT,K. Irving (Out),rotowire
2025-12-22,NOP,D. Murray,OUT,D. Murray (Out),rotowire
2025-12-22,UTA,W. Kessler,OFS,W. Kessler (OFS),rotowire
2025-12-22,UTA,Kevin Love,OUT,Kevin Love (Out),rotowire
2025-12-22,UTA,G. Niang,OUT,G. Niang (Out),rotowire
2025-12-22,DEN,T. Bates,OUT,T. Bates (Out),rotowire
2025-12-22,DEN,C. Braun,OUT,C. Braun (Out),rotowire
2025-12-22,DEN,A. Gordon,OUT,A. Gordon (Out),rotowire
2025-12-22,MEM,B. Clarke,OUT,B. Clarke (Out),rotowire
2025-12-22,MEM,Zach Edey,OUT,Zach Edey (Out),rotowire
2025-12-22,MEM,Ty Jerome,OUT,Ty Jerome (Out),rotowire
2025-12-22,MEM,J. Konchar,OUT,J. Konchar (Out),rotowire
2025-12-22,MEM,Ja Morant,OUT,Ja Morant (Out),rotowire
2025-12-22,MEM,S. Pippen,OUT,S. Pippen (Out),rotowire
2025-12-22,MEM,J. Small,OUT,J. Small (Out),rotowire
2025-12-22,MEM,V. Williams,OUT,V. Williams (Out),rotowire
2025-12-22,OKC,T. Sorber,OFS,T. Sorber (OFS),rotowire
2025-12-22,OKC,A. Caruso,OUT,A. Caruso (Out),rotowire
2025-12-22,OKC,O. Dieng,OUT,O. Dieng (Out),rotowire
2025-12-22,OKC,I. Hartenstein,OUT,I. Hartenstein (Out),rotowire
2025-12-22,OKC,C. Holmgren,OUT,C. Holmgren (Out),rotowire
2025-12-22,OKC,N. Topic,OUT,N. Topic (Out),rotowire
2025-12-22,OKC,J. Williams,OUT,J. Williams (Out),rotowire
2025-12-22,ORL,C. Castleton,OUT,C. Castleton (Out),rotowire
2025-12-22,ORL,M. Wagner,OUT,M. Wagner (Out),rotowire
2025-12-22,ORL,F. Wagner,OUT,F. Wagner (Out),rotowire
2025-12-22,GSW,Seth Curry,OUT,Seth Curry (Out),rotowire
2025-12-22,GSW,Al Horford,OUT,Al Horford (Out),rotowire
2025-12-22,POR,D. Lillard,OFS,D. Lillard (OFS),rotowire
2025-12-22,POR,S. Henderson,OUT,S. Henderson (Out),rotowire
2025-12-22,POR,J. Holiday,OUT,J. Holiday (Out),rotowire
2025-12-22,POR,M. Thybulle,OUT,M. Thybulle (Out),rotowire
2025-12-22,POR,B. Wesley,OUT,B. Wesley (Out),rotowire
2025-12-23,CHA,C. Sexton,OUT,C. Sexton (Out),rotowire
2025-12-23,IND,T. McConnell,OUT,T. McConnell (Out),rotowire
2025-12-23,BOS,J. Walsh,OUT,J. Walsh (Out),rotowire
2025-12-23,DAL,M. Christie,OUT,M. Christie (Out),rotowire
2025-12-23,UTA,Kevin Love,OUT,Kevin Love (Out),rotowire
2025-12-23,OKC,A. Caruso,OUT,A. Caruso (Out),rotowire
2025-12-23,OKC,I. Hartenstein,OUT,I. Hartenstein (Out),rotowire
2025-12-23,OKC,C. Holmgren,OUT,C. Holmgren (Out),rotowire
2025-12-23,OKC,A. Wiggins,OUT,A. Wiggins (Out),rotowire
2025-12-23,ORL,T. da Silva,OUT,T. da Silva (Out),rotowire
2025-12-23,GSW,Seth Curry,OUT,Seth Curry (Out),rotowire
2025-12-23,GSW,Al Horford,OUT,Al Horford (Out),rotowire
2025-12-23,DET,R. Holland,OUT,R. Holland (Out),rotowire
2025-12-23,BOS,J. Tatum,OUT,J. Tatum (Out),rotowire
2025-12-23,MEM,J. Small,OUT,J. Small (Out),rotowire
2025-12-23,BKN,H. Highsmith,OUT,H. Highsmith (Out),rotowire
2025-12-23,BKN,D. Powell,OUT,D. Powell (Out),rotowire
2025-12-23,BKN,Cam Thomas,OUT,Cam Thomas (Out),rotowire
2025-12-23,PHI,D. Barlow,OUT,D. Barlow (Out),rotowire
2025-12-23,PHI,V. Edgecombe,OUT,V. Edgecombe (Out),rotowire
2025-12-23,PHI,Q. Grimes,OUT,Q. Grimes (Out),rotowire
2025-12-23,PHI,K. Oubre,OUT,K. Oubre (Out),rotowire
2025-12-23,PHI,T. Watford,OUT,T. Watford (Out),rotowire
2025-12-23,WAS,C. Whitmore,OUT,C. Whitmore (Out),rotowire
2025-12-23,CHA,R. Kalkbrenner,OUT,R. Kalkbrenner (Out),rotowire
2025-12-23,CHA,M. Plumlee,OUT,M. Plumlee (Out),rotowire
2025-12-23,CHA,G. Williams,OUT,G. Williams (Out),rotowire
2025-12-23,CHI,N. Essengue,OFS,N. Essengue (OFS),rotowire
2025-12-23,ATL,N. Dante,OFS,N. Dante (OFS),rotowire
2025-12-23,ATL,E. Ndiaye,OFS,E. Ndiaye (OFS),rotowire
2025-12-23,ATL,D. Daniels,OUT,D. Daniels (Out),rotowire
2025-12-23,ATL,M. Gueye,OUT,M. Gueye (Out),rotowire
2025-12-23,ATL,K. Porzingis,OUT,K. Porzingis (Out),rotowire
2025-12-23,NOP,H. Jones,OUT,H. Jones (Out),rotowire
2025-12-23,NOP,D. Murray,OUT,D. Murray (Out),rotowire
2025-12-23,CLE,Lonzo Ball,OUT,Lonzo Ball (Out),rotowire
2025-12-23,CLE,E. Mobley,OUT,E. Mobley (Out),rotowire
2025-12-23,CLE,L. Nance,OUT,L. Nance (Out),rotowire
2025-12-23,CLE,Max Strus,OUT,Max Strus (Out),rotowire
2025-12-23,MIL,G. Antetokounmpo,OUT,G. Antetokounmpo (Out),rotowire
2025-12-23,MIL,T. Prince,OUT,T. Prince (Out),rotowire
2025-12-23,IND,T. Haliburton,OFS,T. Haliburton (OFS),rotowire
2025-12-23,IND,I. Jackson,OUT,I. Jackson (Out),rotowire
2025-12-23,IND,A. Nesmith,OUT,A. Nesmith (Out),rotowire
2025-12-23,IND,B. Sheppard,OUT,B. Sheppard (Out),rotowire
2025-12-23,IND,Obi Toppin,OUT,Obi Toppin (Out),rotowire
2025-12-23,TOR,RJ Barrett,OUT,RJ Barrett (Out),rotowire
2025-12-23,TOR,J. Poeltl,OUT,J. Poeltl (Out),rotowire
2025-12-23,MIA,T. Herro,OUT,T. Herro (Out),rotowire
2025-12-23,MIA,N. Jovic,OUT,N. Jovic (Out),rotowire
2025-12-23,MIA,P. Larsson,OUT,P. Larsson (Out),rotowire
2025-12-23,MIA,T. Rozier,OUT,T. Rozier (Out),rotowire
2025-12-23,DEN,T. Bates,OUT,T. Bates (Out),rotowire
2025-12-23,DEN,C. Braun,OUT,C. Braun (Out),rotowire
2025-12-23,DEN,A. Gordon,OUT,A. Gordon (Out),rotowire
2025-12-23,DAL,Dante Exum,OFS,Dante Exum (OFS),rotowire
2025-12-23,DAL,D. Lively,OFS,D. Lively (OFS),rotowire
2025-12-23,DAL,K. Irving,OUT,K. Irving (Out),rotowire
2025-12-23,NYK,OG Anunoby,OUT,OG Anunoby (Out),rotowire
2025-12-23,NYK,J. Brunson,OUT,J. Brunson (Out),rotowire
2025-12-23,NYK,M. McBride,OUT,M. McBride (Out),rotowire
2025-12-23,NYK,L. Shamet,OUT,L. Shamet (Out),rotowire
2025-12-23,NYK,G. Yabusele,OUT,G. Yabusele (Out),rotowire
2025-12-23,MIN,Joe Ingles,OUT,Joe Ingles (Out),rotowire
2025-12-23,MIN,J. McDaniels,OUT,J. McDaniels (Out),rotowire
2025-12-23,OKC,T. Sorber,OFS,T. Sorber (OFS),rotowire
2025-12-23,OKC,O. Dieng,OUT,O. Dieng (Out),rotowire
2025-12-23,OKC,A. Mitchell,OUT,A. Mitchell (Out),rotowire
2025-12-23,OKC,N. Topic,OUT,N. Topic (Out),rotowire
2025-12-23,OKC,J. Williams,OUT,J. Williams (Out),rotowire
2025-12-23,LAL,L. Doncic,OUT,L. Doncic (Out),rotowire
2025-12-23,LAL,R. Hachimura,OUT,R. Hachimura (Out),rotowire
2025-12-23,LAL,G. Vincent,OUT,G. Vincent (Out),rotowire
2025-12-23,PHX,G. Allen,OUT,G. Allen (Out),rotowire
2025-12-23,PHX,J. Green,OUT,J. Green (Out),rotowire
2025-12-23,MEM,B. Clarke,OUT,B. Clarke (Out),rotowire
2025-12-23,MEM,Zach Edey,OUT,Zach Edey (Out),rotowire
2025-12-23,MEM,Ty Jerome,OUT,Ty Jerome (Out),rotowire
2025-12-23,MEM,J. Konchar,OUT,J. Konchar (Out),rotowire
2025-12-23,MEM,Ja Morant,OUT,Ja Morant (Out),rotowire
2025-12-23,MEM,S. Pippen,OUT,S. Pippen (Out),rotowire
2025-12-23,MEM,V. Williams,OUT,V. Williams (Out),rotowire
2025-12-23,UTA,W. Kessler,OFS,W. Kessler (OFS),rotowire
2025-12-23,UTA,L. Markkanen,OUT,L. Markkanen (Out),rotowire
2025-12-23,UTA,G. Niang,OUT,G. Niang (Out),rotowire
2025-12-23,UTA,J. Nurkic,OUT,J. Nurkic (Out),rotowire
2025-12-23,ORL,C. Castleton,OUT,C. Castleton (Out),rotowire
2025-12-23,ORL,J. Suggs,OUT,J. Suggs (Out),rotowire
2025-12-23,ORL,M. Wagner,OUT,M. Wagner (Out),rotowire
2025-12-23,ORL,F. Wagner,OUT,F. Wagner (Out),rotowire
2025-12-23,POR,D. Lillard,OFS,D. Lillard (OFS),rotowire
2025-12-23,POR,J. Grant,OUT,J. Grant (Out),rotowire
2025-12-23,POR,S. Henderson,OUT,S. Henderson (Out),rotowire
2025-12-23,POR,J. Holiday,OUT,J. Holiday (Out),rotowire
2025-12-23,POR,M. Thybulle,OUT,M. Thybulle (Out),rotowire
2025-12-23,POR,B. Wesley,OUT,B. Wesley (Out),rotowire
2025-12-23,POR,R. Williams,OUT,R. Williams (Out),rotowire
2025-12-23,SAC,D. Eubanks,OUT,D. Eubanks (Out),rotowire
2025-12-23,SAC,Z. LaVine,OUT,Z. LaVine (Out),rotowire
2025-12-23,SAC,D. Sabonis,OUT,D. Sabonis (Out),rotowire
2025-12-23,HOU,D. Finney-Smith,OUT,D. Finney-Smith (Out),rotowire
2025-12-23,HOU,F. VanVleet,OUT,F. VanVleet (Out),rotowire
2025-12-23,LAC,B. Beal,OFS,B. Beal (OFS),rotowire
2025-12-23,LAC,D. Jones,OUT,D. Jones (Out),rotowire
2025-12-23,LAC,Chris Paul,OUT,Chris Paul (Out),rotowire
2025-12-23,LAC,I. Zubac,OUT,I. Zubac (Out),rotowire
2025-12-24,BKN,H. Highsmith,OUT,H. Highsmith (Out),rotowire
2025-12-24,BKN,D. Powell,OUT,D. Powell (Out),rotowire
2025-12-24,BKN,Cam Thomas,OUT,Cam Thomas (Out),rotowire
2025-12-24,PHI,D. Barlow,OUT,D. Barlow (Out),rotowire
2025-12-24,PHI,V. Edgecombe,OUT,V. Edgecombe (Out),rotowire
2025-12-24,PHI,Q. Grimes,OUT,Q. Grimes (Out),rotowire
2025-12-24,PHI,K. Oubre,OUT,K. Oubre (Out),rotowire
2025-12-24,PHI,T. Watford,OUT,T. Watford (Out),rotowire
2025-12-24,WAS,C. Whitmore,OUT,C. Whitmore (Out),rotowire
2025-12-24,CHA,R. Kalkbrenner,OUT,R. Kalkbrenner (Out),rotowire
2025-12-24,CHA,M. Plumlee,OUT,M. Plumlee (Out),rotowire
2025-12-24,CHA,G. Williams,OUT,G. Williams (Out),rotowire
2025-12-24,CHI,N. Essengue,OFS,N. Essengue (OFS),rotowire
2025-12-24,ATL,N. Dante,OFS,N. Dante (OFS),rotowire
2025-12-24,ATL,E. Ndiaye,OFS,E. Ndiaye (OFS),rotowire
2025-12-24,ATL,D. Daniels,OUT,D. Daniels (Out),rotowire
2025-12-24,ATL,M. Gueye,OUT,M. Gueye (Out),rotowire
2025-12-24,ATL,K. Porzingis,OUT,K. Porzingis (Out),rotowire
2025-12-24,NOP,H. Jones,OUT,H. Jones (Out),rotowire
2025-12-24,NOP,D. Murray,OUT,D. Murray (Out),rotowire
2025-12-24,NOP,J. Poole,OUT,J. Poole (Out),rotowire
2025-12-24,CLE,Lonzo Ball,OUT,Lonzo Ball (Out),rotowire
2025-12-24,CLE,E. Mobley,OUT,E. Mobley (Out),rotowire
2025-12-24,CLE,L. Nance,OUT,L. Nance (Out),rotowire
2025-12-24,CLE,Max Strus,OUT,Max Strus (Out),rotowire
2025-12-24,MIL,G. Antetokounmpo,OUT,G. Antetokounmpo (Out),rotowire
2025-12-24,MIL,T. Prince,OUT,T. Prince (Out),rotowire
2025-12-24,IND,T. Haliburton,OFS,T. Haliburton (OFS),rotowire
2025-12-24,IND,I. Jackson,OUT,I. Jackson (Out),rotowire
2025-12-24,IND,A. Nesmith,OUT,A. Nesmith (Out),rotowire
2025-12-24,IND,B. Sheppard,OUT,B. Sheppard (Out),rotowire
2025-12-24,IND,Obi Toppin,OUT,Obi Toppin (Out),rotowire
2025-12-24,TOR,RJ Barrett,OUT,RJ Barrett (Out),rotowire
2025-12-24,TOR,J. Poeltl,OUT,J. Poeltl (Out),rotowire
2025-12-24,MIA,T. Herro,OUT,T. Herro (Out),rotowire
2025-12-24,MIA,N. Jovic,OUT,N. Jovic (Out),rotowire
2025-12-24,MIA,P. Larsson,OUT,P. Larsson (Out),rotowire
2025-12-24,MIA,T. Rozier,OUT,T. Rozier (Out),rotowire
2025-12-24,DEN,T. Bates,OUT,T. Bates (Out),rotowire
2025-12-24,DEN,C. Braun,OUT,C. Braun (Out),rotowire
2025-12-24,DEN,A. Gordon,OUT,A. Gordon (Out),rotowire
2025-12-24,DAL,Dante Exum,OFS,Dante Exum (OFS),rotowire
2025-12-24,DAL,D. Lively,OFS,D. Lively (OFS),rotowire
2025-12-24,DAL,M. Christie,OUT,M. Christie (Out),rotowire
2025-12-24,DAL,K. Irving,OUT,K. Irving (Out),rotowire
2025-12-24,DAL,D. Powell,OUT,D. Powell (Out),rotowire
2025-12-24,DAL,K. Thompson,OUT,K. Thompson (Out),rotowire
2025-12-24,DAL,P. Washington,OUT,P. Washington (Out),rotowire
2025-12-24,NYK,OG Anunoby,OUT,OG Anunoby (Out),rotowire
2025-12-24,NYK,J. Brunson,OUT,J. Brunson (Out),rotowire
2025-12-24,NYK,M. McBride,OUT,M. McBride (Out),rotowire
2025-12-24,NYK,L. Shamet,OUT,L. Shamet (Out),rotowire
2025-12-24,NYK,G. Yabusele,OUT,G. Yabusele (Out),rotowire
2025-12-24,MIN,Joe Ingles,OUT,Joe Ingles (Out),rotowire
2025-12-24,MIN,J. McDaniels,OUT,J. McDaniels (Out),rotowire
2025-12-24,OKC,T. Sorber,OFS,T. Sorber (OFS),rotowire
2025-12-24,OKC,O. Dieng,OUT,O. Dieng (Out),rotowire
2025-12-24,OKC,A. Mitchell,OUT,A. Mitchell (Out),rotowire
2025-12-24,OKC,N. Topic,OUT,N. Topic (Out),rotowire
2025-12-24,OKC,J. Williams,OUT,J. Williams (Out),rotowire
2025-12-24,LAL,L. Doncic,OUT,L. Doncic (Out),rotowire
2025-12-24,LAL,R. Hachimura,OUT,R. Hachimura (Out),rotowire
2025-12-24,LAL,G. Vincent,OUT,G. Vincent (Out),rotowire
2025-12-24,PHX,G. Allen,OUT,G. Allen (Out),rotowire
2025-12-24,PHX,J. Green,OUT,J. Green (Out),rotowire
2025-12-24,MEM,B. Clarke,OUT,B. Clarke (Out),rotowire
2025-12-24,MEM,C. Coward,OUT,C. Coward (Out),rotowire
2025-12-24,MEM,Zach Edey,OUT,Zach Edey (Out),rotowire
2025-12-24,MEM,Ty Jerome,OUT,Ty Jerome (Out),rotowire
2025-12-24,MEM,J. Konchar,OUT,J. Konchar (Out),rotowire
2025-12-24,MEM,Ja Morant,OUT,Ja Morant (Out),rotowire
2025-12-24,MEM,S. Pippen,OUT,S. Pippen (Out),rotowire
2025-12-24,MEM,V. Williams,OUT,V. Williams (Out),rotowire
2025-12-24,UTA,W. Kessler,OFS,W. Kessler (OFS),rotowire
2025-12-24,UTA,L. Markkanen,OUT,L. Markkanen (Out),rotowire
2025-12-24,UTA,G. Niang,OUT,G. Niang (Out),rotowire
2025-12-24,UTA,J. Nurkic,OUT,J. Nurkic (Out),rotowire
2025-12-24,ORL,G. Bitadze,OUT,G. Bitadze (Out),rotowire
2025-12-24,ORL,C. Castleton,OUT,C. Castleton (Out),rotowire
2025-12-24,ORL,T. da Silva,OUT,T. da Silva (Out),rotowire
2025-12-24,ORL,J. Suggs,OUT,J. Suggs (Out),rotowire
2025-12-24,ORL,M. Wagner,OUT,M. Wagner (Out),rotowire
2025-12-24,ORL,F. Wagner,OUT,F. Wagner (Out),rotowire
2025-12-24,POR,D. Lillard,OFS,D. Lillard (OFS),rotowire
2025-12-24,POR,J. Grant,OUT,J. Grant (Out),rotowire
2025-12-24,POR,S. Henderson,OUT,S. Henderson (Out),rotowire
2025-12-24,POR,J. Holiday,OUT,J. Holiday (Out),rotowire
2025-12-24,POR,M. Thybulle,OUT,M. Thybulle (Out),rotowire
2025-12-24,POR,B. Wesley,OUT,B. Wesley (Out),rotowire
2025-12-24,POR,R. Williams,OUT,R. Williams (Out),rotowire
2025-12-24,DET,R. Holland,OUT,R. Holland (Out),rotowire
2025-12-24,SAC,D. Carter,OUT,D. Carter (Out),rotowire
2025-12-24,SAC,D. Eubanks,OUT,D. Eubanks (Out),rotowire
2025-12-24,SAC,Z. LaVine,OUT,Z. LaVine (Out),rotowire
2025-12-24,SAC,D. Sabonis,OUT,D. Sabonis (Out),rotowire
2025-12-24,HOU,D. Finney-Smith,OUT,D. Finney-Smith (Out),rotowire
2025-12-24,HOU,F. VanVleet,OUT,F. VanVleet (Out),rotowire
2025-12-24,LAC,B. Beal,OFS,B. Beal (OFS),rotowire
2025-12-24,LAC,D. Jones,OUT,D. Jones (Out),rotowire
2025-12-24,LAC,Chris Paul,OUT,Chris Paul (Out),rotowire
2025-12-24,LAC,I. Zubac,OUT,I. Zubac (Out),rotowire
2025-12-25,MIN,J. McDaniels,PROB,J. McDaniels (Prob),rotowire
2025-12-25,DEN,J. Valanciunas,PROB,J. Valanciunas (Prob),rotowire
2025-12-25,MIN,J. Valanciunas,PROB,J. Valanciunas (Prob),rotowire
2025-12-25,CLE,L. Nance,OUT,L. Nance (Out),rotowire
2025-12-25,CLE,Max Strus,OUT,Max Strus (Out),rotowire
2025-12-25,CLE,Fantasy Home,PROB,Fantasy Home (Prob),rotowire
2025-12-25,CLE,Fantasy Football,REST,Fantasy Football (Rest),rotowire
2025-12-25,CLE,J. Hart,QUES,J. Hart (Ques),rotowire
2025-12-25,CLE,M. McBride,OUT,M. McBride (Out),rotowire
2025-12-25,CLE,L. Shamet,OUT,L. Shamet (Out),rotowire
2025-12-25,NYK,M. McBride,OUT,M. McBride (Out),rotowire
2025-12-25,NYK,L. Shamet,OUT,L. Shamet (Out),rotowire
2025-12-25,OKC,T. Sorber,OFS,T. Sorber (OFS),rotowire
2025-12-25,OKC,O. Dieng,OUT,O. Dieng (Out),rotowire
2025-12-25,OKC,A. Mitchell,OUT,A. Mitchell (Out),rotowire
2025-12-25,OKC,N. Topic,OUT,N. Topic (Out),rotowire
2025-12-25,OKC,J. Williams,OUT,J. Williams (Out),rotowire
2025-12-25,DAL,Dante Exum,OFS,Dante Exum (OFS),rotowire
2025-12-25,DAL,D. Lively,OFS,D. Lively (OFS),rotowire
2025-12-25,DAL,A. Davis,OUT,A. Davis (Out),rotowire
2025-12-25,DAL,K. Irving,OUT,K. Irving (Out),rotowire
2025-12-25,DAL,LJ Cryer,OUT,LJ Cryer (Out),rotowire
2025-12-25,DAL,Seth Curry,OUT,Seth Curry (Out),rotowire
2025-12-25,GSW,LJ Cryer,OUT,LJ Cryer (Out),rotowire
2025-12-25,GSW,Seth Curry,OUT,Seth Curry (Out),rotowire
2025-12-25,HOU,F. VanVleet,OUT,F. VanVleet (Out),rotowire
2025-12-25,HOU,A. Reaves,OUT,A. Reaves (Out),rotowire
2025-12-25,HOU,J. Hayes,OUT,J. Hayes (Out),rotowire
2025-12-25,HOU,G. Vincent,OUT,G. Vincent (Out),rotowire
2025-12-25,LAL,J. Hayes,OUT,J. Hayes (Out),rotowire
2025-12-25,LAL,A. Reaves,OUT,A. Reaves (Out),rotowire
2025-12-25,LAL,G. Vincent,OUT,G. Vincent (Out),rotowire
2025-12-25,DEN,T. Bates,OUT,T. Bates (Out),rotowire
2025-12-25,DEN,C. Braun,OUT,C. Braun (Out),rotowire
2025-12-25,DEN,A. Gordon,OUT,A. Gordon (Out),rotowire
2025-12-25,DEN,C. Johnson,OUT,C. Johnson (Out),rotowire
2025-12-25,SAS,T. Sorber,OFS,T. Sorber (OFS),rotowire
2025-12-25,SAS,O. Dieng,OUT,O. Dieng (Out),rotowire
2025-12-25,SAS,A. Mitchell,OUT,A. Mitchell (Out),rotowire
2025-12-25,SAS,N. Topic,OUT,N. Topic (Out),rotowire
2025-12-25,SAS,J. Williams,OUT,J. Williams (Out),rotowire
2025-12-25,MIN,T. Bates,OUT,T. Bates (Out),rotowire
2025-12-25,MIN,C. Braun,OUT,C. Braun (Out),rotowire
2025-12-25,MIN,A. Gordon,OUT,A. Gordon (Out),rotowire
2025-12-25,MIN,C. Johnson,OUT,C. Johnson (Out),rotowire
2025-12-26,MIA,M. Gueye,QUES,M. Gueye (Ques),rotowire
2025-12-26,MIL,G. Trent,QUES,G. Trent (Ques),rotowire
2025-12-26,MIA,K. Johnson,PROB,K. Johnson (Prob),rotowire
2025-12-26,MIA,N. Jovic,PROB,N. Jovic (Prob),rotowire
2025-12-26,MIA,P. Larsson,PROB,P. Larsson (Prob),rotowire
2025-12-26,CHA,T. da Silva,PROB,T. da Silva (Prob),rotowire
2025-12-26,ORL,T. da Silva,PROB,T. da Silva (Prob),rotowire
2025-12-26,TOR,S. Barnes,QUES,S. Barnes (Ques),rotowire
2025-12-26,TOR,J. Champagnie,QUES,J. Champagnie (Ques),rotowire
2025-12-26,WAS,J. Champagnie,QUES,J. Champagnie (Ques),rotowire
2025-12-26,PHI,D. Barlow,PROB,D. Barlow (Prob),rotowire
2025-12-26,PHI,V. Edgecombe,PROB,V. Edgecombe (Prob),rotowire
2025-12-26,PHI,Q. Grimes,PROB,Q. Grimes (Prob),rotowire
2025-12-26,PHI,P. Williams,QUES,P. Williams (Ques),rotowire
2025-12-26,CHI,P. Williams,QUES,P. Williams (Ques),rotowire
2025-12-26,PHX,K. Brea,QUES,K. Brea (Ques),rotowire
2025-12-26,PHI,J. Embiid,QUES,J. Embiid (Ques),rotowire
2025-12-26,PHX,J. Poole,PROB,J. Poole (Prob),rotowire
2025-12-26,NOP,J. Poole,PROB,J. Poole (Prob),rotowire
2025-12-26,MIL,J. Morant,QUES,J. Morant (Ques),rotowire
2025-12-26,MIL,C. Coward,QUES,C. Coward (Ques),rotowire
2025-12-26,MEM,C. Coward,QUES,C. Coward (Ques),rotowire
2025-12-26,MEM,J. Morant,QUES,J. Morant (Ques),rotowire
2025-12-26,DET,R. Holland,QUES,R. Holland (Ques),rotowire
2025-12-26,LAC,K. Murray,PROB,K. Murray (Prob),rotowire
2025-12-26,LAC,R. Williams,PROB,R. Williams (Prob),rotowire
2025-12-26,POR,K. Murray,PROB,K. Murray (Prob),rotowire
2025-12-26,POR,R. Williams,PROB,R. Williams (Prob),rotowire
2025-12-26,MIA,B. Adebayo,OUT,B. Adebayo (Out),rotowire
2025-12-26,MIA,T. Herro,OUT,T. Herro (Out),rotowire
2025-12-26,MIA,T. Rozier,OUT,T. Rozier (Out),rotowire
2025-12-26,MIA,Fantasy Home,PROB,Fantasy Home (Prob),rotowire
2025-12-26,MIA,Fantasy Football,REST,Fantasy Football (Rest),rotowire
2025-12-26,MIA,N. Dante,OFS,N. Dante (OFS),rotowire
2025-12-26,MIA,E. Ndiaye,OFS,E. Ndiaye (OFS),rotowire
2025-12-26,MIA,K. Porzingis,OUT,K. Porzingis (Out),rotowire
2025-12-26,ATL,N. Dante,OFS,N. Dante (OFS),rotowire
2025-12-26,ATL,E. Ndiaye,OFS,E. Ndiaye (OFS),rotowire
2025-12-26,ATL,K. Porzingis,OUT,K. Porzingis (Out),rotowire
2025-12-26,BOS,C. Boucher,OUT,C. Boucher (Out),rotowire
2025-12-26,BOS,J. Tatum,OUT,J. Tatum (Out),rotowire
2025-12-26,BOS,T. Haliburton,OFS,T. Haliburton (OFS),rotowire
2025-12-26,BOS,I. Jackson,OUT,I. Jackson (Out),rotowire
2025-12-26,BOS,A. Nesmith,OUT,A. Nesmith (Out),rotowire
2025-12-26,BOS,B. Sheppard,OUT,B. Sheppard (Out),rotowire
2025-12-26,BOS,Obi Toppin,OUT,Obi Toppin (Out),rotowire
2025-12-26,IND,T. Haliburton,OFS,T. Haliburton (OFS),rotowire
2025-12-26,IND,I. Jackson,OUT,I. Jackson (Out),rotowire
2025-12-26,IND,A. Nesmith,OUT,A. Nesmith (Out),rotowire
2025-12-26,IND,B. Sheppard,OUT,B. Sheppard (Out),rotowire
2025-12-26,IND,Obi Toppin,OUT,Obi Toppin (Out),rotowire
2025-12-26,CHA,K. Knueppel,QUES,K. Knueppel (Ques),rotowire
2025-12-26,CHA,R. Kalkbrenner,OUT,R. Kalkbrenner (Out),rotowire
2025-12-26,CHA,M. Plumlee,OUT,M. Plumlee (Out),rotowire
2025-12-26,CHA,G. Williams,OUT,G. Williams (Out),rotowire
2025-12-26,CHA,G. Bitadze,OUT,G. Bitadze (Out),rotowire
2025-12-26,CHA,J. Suggs,OUT,J. Suggs (Out),rotowire
2025-12-26,CHA,M. Wagner,OUT,M. Wagner (Out),rotowire
2025-12-26,CHA,F. Wagner,OUT,F. Wagner (Out),rotowire
2025-12-26,ORL,G. Bitadze,OUT,G. Bitadze (Out),rotowire
2025-12-26,ORL,J. Suggs,OUT,J. Suggs (Out),rotowire
2025-12-26,ORL,M. Wagner,OUT,M. Wagner (Out),rotowire
2025-12-26,ORL,F. Wagner,OUT,F. Wagner (Out),rotowire
2025-12-26,TOR,RJ Barrett,OUT,RJ Barrett (Out),rotowire
2025-12-26,TOR,C. Murray-Boyles,OUT,C. Murray-Boyles (Out),rotowire
2025-12-26,TOR,J. Poeltl,OUT,J. Poeltl (Out),rotowire
2025-12-26,TOR,C. Kispert,OUT,C. Kispert (Out),rotowire
2025-12-26,TOR,C. Whitmore,OUT,C. Whitmore (Out),rotowire
2025-12-26,WAS,C. Kispert,OUT,C. Kispert (Out),rotowire
2025-12-26,WAS,C. Whitmore,OUT,C. Whitmore (Out),rotowire
2025-12-26,PHI,K. Oubre,OUT,K. Oubre (Out),rotowire
2025-12-26,PHI,T. Watford,OUT,T. Watford (Out),rotowire
2025-12-26,PHI,N. Essengue,OFS,N. Essengue (OFS),rotowire
2025-12-26,CHI,N. Essengue,OFS,N. Essengue (OFS),rotowire
2025-12-26,PHX,G. Allen,OUT,G. Allen (Out),rotowire
2025-12-26,PHX,J. Green,OUT,J. Green (Out),rotowire
2025-12-26,PHX,H. Jones,OUT,H. Jones (Out),rotowire
2025-12-26,PHX,D. Murray,OUT,D. Murray (Out),rotowire
2025-12-26,NOP,H. Jones,OUT,H. Jones (Out),rotowire
2025-12-26,NOP,D. Murray,OUT,D. Murray (Out),rotowire
2025-12-26,MIL,G. Antetokounmpo,OUT,G. Antetokounmpo (Out),rotowire
2025-12-26,MIL,T. Prince,OUT,T. Prince (Out),rotowire
2025-12-26,MIL,Gary Trent,OUT,Gary Trent (Out),rotowire
2025-12-26,MIL,B. Clarke,OUT,B. Clarke (Out),rotowire
2025-12-26,MIL,Zach Edey,OUT,Zach Edey (Out),rotowire
2025-12-26,MIL,Ty Jerome,OUT,Ty Jerome (Out),rotowire
2025-12-26,MIL,J. Konchar,OUT,J. Konchar (Out),rotowire
2025-12-26,MIL,J. Landale,OUT,J. Landale (Out),rotowire
2025-12-26,MIL,S. Pippen,OUT,S. Pippen (Out),rotowire
2025-12-26,MIL,V. Williams,OUT,V. Williams (Out),rotowire
2025-12-26,MEM,B. Clarke,OUT,B. Clarke (Out),rotowire
2025-12-26,MEM,Zach Edey,OUT,Zach Edey (Out),rotowire
2025-12-26,MEM,Ty Jerome,OUT,Ty Jerome (Out),rotowire
2025-12-26,MEM,J. Konchar,OUT,J. Konchar (Out),rotowire
2025-12-26,MEM,J. Landale,OUT,J. Landale (Out),rotowire
2025-12-26,MEM,S. Pippen,OUT,S. Pippen (Out),rotowire
2025-12-26,MEM,V. Williams,OUT,V. Williams (Out),rotowire
2025-12-26,UTA,W. Kessler,OFS,W. Kessler (OFS),rotowire
2025-12-26,UTA,G. Niang,OUT,G. Niang (Out),rotowire
2025-12-26,LAC,B. Beal,OFS,B. Beal (OFS),rotowire
2025-12-26,LAC,D. Jones,OUT,D. Jones (Out),rotowire
2025-12-26,LAC,Chris Paul,OUT,Chris Paul (Out),rotowire
2025-12-26,LAC,I. Zubac,OUT,I. Zubac (Out),rotowire
2025-12-26,LAC,D. Lillard,OFS,D. Lillard (OFS),rotowire
2025-12-26,LAC,J. Grant,OUT,J. Grant (Out),rotowire
2025-12-26,LAC,S. Henderson,OUT,S. Henderson (Out),rotowire
2025-12-26,LAC,J. Holiday,OUT,J. Holiday (Out),rotowire
2025-12-26,LAC,M. Thybulle,OUT,M. Thybulle (Out),rotowire
2025-12-26,LAC,B. Wesley,OUT,B. Wesley (Out),rotowire
2025-12-26,POR,D. Lillard,OFS,D. Lillard (OFS),rotowire
2025-12-26,POR,J. Grant,OUT,J. Grant (Out),rotowire
2025-12-26,POR,S. Henderson,OUT,S. Henderson (Out),rotowire
2025-12-26,POR,J. Holiday,OUT,J. Holiday (Out),rotowire
2025-12-26,POR,M. Thybulle,OUT,M. Thybulle (Out),rotowire
2025-12-26,POR,B. Wesley,OUT,B. Wesley (Out),rotowire
2025-12-26,DET,W. Kessler,OFS,W. Kessler (OFS),rotowire
2025-12-26,DET,G. Niang,OUT,G. Niang (Out),rotowire
2025-12-27,BKN,A. Edwards,QUES,A. Edwards (Ques),rotowire
2025-12-27,BKN,M. Conley,QUES,M. Conley (Ques),rotowire
2025-12-27,MIN,M. Conley,QUES,M. Conley (Ques),rotowire
2025-12-27,MIN,A. Edwards,QUES,A. Edwards (Ques),rotowire
2025-12-27,UTA,A. Bailey,QUES,A. Bailey (Ques),rotowire
2025-12-27,PHX,R. Dunn,QUES,R. Dunn (Ques),rotowire
2025-12-27,PHX,M. Williams,QUES,M. Williams (Ques),rotowire
2025-12-27,NYK,T. Young,PROB,T. Young (Prob),rotowire
2025-12-27,ATL,T. Young,PROB,T. Young (Prob),rotowire
2025-12-27,IND,K. Ware,PROB,K. Ware (Prob),rotowire
2025-12-27,MIA,K. Ware,PROB,K. Ware (Prob),rotowire
2025-12-27,BKN,R. Dillingham,QUES,R. Dillingham (Ques),rotowire
2025-12-27,MIN,R. Dillingham,QUES,R. Dillingham (Ques),rotowire
2025-12-27,DEN,C. Castleton,OUT,C. Castleton (Out),rotowire
2025-12-27,ORL,C. Castleton,OUT,C. Castleton (Out),rotowire
2025-12-27,MIL,G. Antetokounmpo,QUES,G. Antetokounmpo (Ques),rotowire
2025-12-27,MIL,G. Trent,QUES,G. Trent (Ques),rotowire
2025-12-27,MIL,J. Giddey,QUES,J. Giddey (Ques),rotowire
2025-12-27,CHI,J. Giddey,QUES,J. Giddey (Ques),rotowire
2025-12-27,CLE,D. Garland,PROB,D. Garland (Prob),rotowire
2025-12-27,IND,A. Nesmith,QUES,A. Nesmith (Ques),rotowire
2025-12-27,DAL,Dante Exum,OFS,Dante Exum (OFS),rotowire
2025-12-27,DAL,D. Lively,OFS,D. Lively (OFS),rotowire
2025-12-27,DAL,A. Davis,OUT,A. Davis (Out),rotowire
2025-12-27,DAL,K. Irving,OUT,K. Irving (Out),rotowire
2025-12-27,DAL,B. Williams,OUT,B. Williams (Out),rotowire
2025-12-27,DAL,Fantasy Home,PROB,Fantasy Home (Prob),rotowire
2025-12-27,DAL,Fantasy Football,REST,Fantasy Football (Rest),rotowire
2025-12-27,DAL,D. Carter,OUT,D. Carter (Out),rotowire
2025-12-27,DAL,D. Eubanks,OUT,D. Eubanks (Out),rotowire
2025-12-27,DAL,Z. LaVine,OUT,Z. LaVine (Out),rotowire
2025-12-27,DAL,K. Murray,OUT,K. Murray (Out),rotowire
2025-12-27,DAL,D. Sabonis,OUT,D. Sabonis (Out),rotowire
2025-12-27,SAC,D. Carter,OUT,D. Carter (Out),rotowire
2025-12-27,SAC,D. Eubanks,OUT,D. Eubanks (Out),rotowire
2025-12-27,SAC,Z. LaVine,OUT,Z. LaVine (Out),rotowire
2025-12-27,SAC,K. Murray,OUT,K. Murray (Out),rotowire
2025-12-27,SAC,D. Sabonis,OUT,D. Sabonis (Out),rotowire
2025-12-27,PHX,G. Allen,OUT,G. Allen (Out),rotowire
2025-12-27,PHX,Koby Brea,OUT,Koby Brea (Out),rotowire
2025-12-27,PHX,Ryan Dunn,OUT,Ryan Dunn (Out),rotowire
2025-12-27,PHX,J. Green,OUT,J. Green (Out),rotowire
2025-12-27,PHX,H. Jones,OUT,H. Jones (Out),rotowire
2025-12-27,PHX,D. Murray,OUT,D. Murray (Out),rotowire
2025-12-27,NOP,H. Jones,OUT,H. Jones (Out),rotowire
2025-12-27,NOP,D. Murray,OUT,D. Murray (Out),rotowire
2025-12-27,DEN,T. Bates,OUT,T. Bates (Out),rotowire
2025-12-27,DEN,C. Braun,OUT,C. Braun (Out),rotowire
2025-12-27,DEN,A. Gordon,OUT,A. Gordon (Out),rotowire
2025-12-27,DEN,C. Johnson,OUT,C. Johnson (Out),rotowire
2025-12-27,DEN,G. Bitadze,OUT,G. Bitadze (Out),rotowire
2025-12-27,DEN,J. Suggs,OUT,J. Suggs (Out),rotowire
2025-12-27,DEN,M. Wagner,OUT,M. Wagner (Out),rotowire
2025-12-27,DEN,F. Wagner,OUT,F. Wagner (Out),rotowire
2025-12-27,ORL,G. Bitadze,OUT,G. Bitadze (Out),rotowire
2025-12-27,ORL,J. Suggs,OUT,J. Suggs (Out),rotowire
2025-12-27,ORL,M. Wagner,OUT,M. Wagner (Out),rotowire
2025-12-27,ORL,F. Wagner,OUT,F. Wagner (Out),rotowire
2025-12-27,NYK,Josh Hart,OUT,Josh Hart (Out),rotowire
2025-12-27,NYK,M. McBride,OUT,M. McBride (Out),rotowire
2025-12-27,NYK,L. Shamet,OUT,L. Shamet (Out),rotowire
2025-12-27,NYK,N. Dante,OFS,N. Dante (OFS),rotowire
2025-12-27,NYK,E. Ndiaye,OFS,E. Ndiaye (OFS),rotowire
2025-12-27,NYK,K. Porzingis,OUT,K. Porzingis (Out),rotowire
2025-12-27,ATL,N. Dante,OFS,N. Dante (OFS),rotowire
2025-12-27,ATL,E. Ndiaye,OFS,E. Ndiaye (OFS),rotowire
2025-12-27,ATL,K. Porzingis,OUT,K. Porzingis (Out),rotowire
2025-12-27,MIL,T. Prince,OUT,T. Prince (Out),rotowire
2025-12-27,MIL,Gary Trent,OUT,Gary Trent (Out),rotowire
2025-12-27,MIL,Z. Collins,QUES,Z. Collins (Ques),rotowire
2025-12-27,MIL,N. Essengue,OFS,N. Essengue (OFS),rotowire
2025-12-27,CHI,Z. Collins,QUES,Z. Collins (Ques),rotowire
2025-12-27,CHI,N. Essengue,OFS,N. Essengue (OFS),rotowire
2025-12-27,CLE,L. Nance,OUT,L. Nance (Out),rotowire
2025-12-27,CLE,Max Strus,OUT,Max Strus (Out),rotowire
2025-12-27,CLE,A. Sengun,OUT,A. Sengun (Out),rotowire
2025-12-27,CLE,F. VanVleet,OUT,F. VanVleet (Out),rotowire
2025-12-27,HOU,A. Sengun,OUT,A. Sengun (Out),rotowire
2025-12-27,HOU,F. VanVleet,OUT,F. VanVleet (Out),rotowire
2025-12-27,IND,T. Haliburton,OFS,T. Haliburton (OFS),rotowire
2025-12-27,IND,I. Jackson,OUT,I. Jackson (Out),rotowire
2025-12-27,IND,T. McConnell,OUT,T. McConnell (Out),rotowire
2025-12-27,IND,B. Sheppard,OUT,B. Sheppard (Out),rotowire
2025-12-27,IND,Obi Toppin,OUT,Obi Toppin (Out),rotowire
2025-12-27,IND,B. Adebayo,OUT,B. Adebayo (Out),rotowire
2025-12-27,IND,T. Herro,OUT,T. Herro (Out),rotowire
2025-12-27,IND,T. Rozier,OUT,T. Rozier (Out),rotowire
2025-12-27,MIA,B. Adebayo,OUT,B. Adebayo (Out),rotowire
2025-12-27,MIA,T. Herro,OUT,T. Herro (Out),rotowire
2025-12-27,MIA,T. Rozier,OUT,T. Rozier (Out),rotowire
2025-12-27,BKN,H. Highsmith,OUT,H. Highsmith (Out),rotowire
2025-12-27,BKN,C. Johnson,OUT,C. Johnson (Out),rotowire
2025-12-27,BKN,T. Shannon,OUT,T. Shannon (Out),rotowire
2025-12-27,MIN,T. Shannon,OUT,T. Shannon (Out),rotowire
2025-12-27,UTA,W. Kessler,OFS,W. Kessler (OFS),rotowire
2025-12-27,UTA,Ace Bailey,OUT,Ace Bailey (Out),rotowire
2025-12-27,UTA,Kevin Love,OUT,Kevin Love (Out),rotowire
2025-12-27,UTA,G. Niang,OUT,G. Niang (Out),rotowire
2025-12-27,UTA,D. Fox,OUT,D. Fox (Out),rotowire
2025-12-27,SAS,D. Fox,OUT,D. Fox (Out),rotowire
2025-12-28,PHI,P. George,PROB,P. George (Prob),rotowire
2025-12-28,GSW,B. Podziemski,PROB,B. Podziemski (Prob),rotowire
2025-12-28,GSW,R. Barrett,QUES,R. Barrett (Ques),rotowire
2025-12-28,TOR,R. Barrett,QUES,R. Barrett (Ques),rotowire
2025-12-28,MEM,M. Branham,QUES,M. Branham (Ques),rotowire
2025-12-28,WAS,M. Branham,QUES,M. Branham (Ques),rotowire
2025-12-28,SAC,D. Timme,QUES,D. Timme (Ques),rotowire
2025-12-28,LAL,D. Timme,QUES,D. Timme (Ques),rotowire
2025-12-28,LAC,C. Christie,PROB,C. Christie (Prob),rotowire
2025-12-28,DET,C. Christie,PROB,C. Christie (Prob),rotowire
2025-12-28,PHI,J. Embiid,OUT,J. Embiid (Out),rotowire
2025-12-28,PHI,K. Oubre,OUT,K. Oubre (Out),rotowire
2025-12-28,PHI,T. Watford,OUT,T. Watford (Out),rotowire
2025-12-28,PHI,Fantasy Home,PROB,Fantasy Home (Prob),rotowire
2025-12-28,PHI,Fantasy Football,REST,Fantasy Football (Rest),rotowire
2025-12-28,PHI,I. Hartenstein,QUES,I. Hartenstein (Ques),rotowire
2025-12-28,PHI,I. Joe,QUES,I. Joe (Ques),rotowire
2025-12-28,PHI,A. Mitchell,QUES,A. Mitchell (Ques),rotowire
2025-12-28,PHI,T. Sorber,OFS,T. Sorber (OFS),rotowire
2025-12-28,PHI,O. Dieng,OUT,O. Dieng (Out),rotowire
2025-12-28,PHI,N. Topic,OUT,N. Topic (Out),rotowire
2025-12-28,PHI,J. Williams,OUT,J. Williams (Out),rotowire
2025-12-28,OKC,I. Hartenstein,QUES,I. Hartenstein (Ques),rotowire
2025-12-28,OKC,I. Joe,QUES,I. Joe (Ques),rotowire
2025-12-28,OKC,A. Mitchell,QUES,A. Mitchell (Ques),rotowire
2025-12-28,OKC,T. Sorber,OFS,T. Sorber (OFS),rotowire
2025-12-28,OKC,O. Dieng,OUT,O. Dieng (Out),rotowire
2025-12-28,OKC,N. Topic,OUT,N. Topic (Out),rotowire
2025-12-28,OKC,J. Williams,OUT,J. Williams (Out),rotowire
2025-12-28,GSW,Seth Curry,OUT,Seth Curry (Out),rotowire
2025-12-28,GSW,Al Horford,OUT,Al Horford (Out),rotowire
2025-12-28,GSW,D. Melton,OUT,D. Melton (Out),rotowire
2025-12-28,GSW,C. Murray-Boyles,QUES,C. Murray-Boyles (Ques),rotowire
2025-12-28,GSW,J. Poeltl,OUT,J. Poeltl (Out),rotowire
2025-12-28,TOR,C. Murray-Boyles,QUES,C. Murray-Boyles (Ques),rotowire
2025-12-28,TOR,J. Poeltl,OUT,J. Poeltl (Out),rotowire
2025-12-28,BOS,C. Boucher,OUT,C. Boucher (Out),rotowire
2025-12-28,BOS,J. Tatum,OUT,J. Tatum (Out),rotowire
2025-12-28,BOS,D. Lillard,OFS,D. Lillard (OFS),rotowire
2025-12-28,BOS,J. Grant,OUT,J. Grant (Out),rotowire
2025-12-28,BOS,S. Henderson,OUT,S. Henderson (Out),rotowire
2025-12-28,BOS,J. Holiday,OUT,J. Holiday (Out),rotowire
2025-12-28,BOS,M. Thybulle,OUT,M. Thybulle (Out),rotowire
2025-12-28,BOS,B. Wesley,OUT,B. Wesley (Out),rotowire
2025-12-28,BOS,R. Williams,OUT,R. Williams (Out),rotowire
2025-12-28,POR,D. Lillard,OFS,D. Lillard (OFS),rotowire
2025-12-28,POR,J. Grant,OUT,J. Grant (Out),rotowire
2025-12-28,POR,S. Henderson,OUT,S. Henderson (Out),rotowire
2025-12-28,POR,J. Holiday,OUT,J. Holiday (Out),rotowire
2025-12-28,POR,M. Thybulle,OUT,M. Thybulle (Out),rotowire
2025-12-28,POR,B. Wesley,OUT,B. Wesley (Out),rotowire
2025-12-28,POR,R. Williams,OUT,R. Williams (Out),rotowire
2025-12-28,MEM,K. Caldwell-Pope,QUES,K. Caldwell-Pope (Ques),rotowire
2025-12-28,MEM,B. Clarke,OUT,B. Clarke (Out),rotowire
2025-12-28,MEM,Zach Edey,OUT,Zach Edey (Out),rotowire
2025-12-28,MEM,Ty Jerome,OUT,Ty Jerome (Out),rotowire
2025-12-28,MEM,J. Konchar,OUT,J. Konchar (Out),rotowire
2025-12-28,MEM,J. Landale,OUT,J. Landale (Out),rotowire
2025-12-28,MEM,S. Pippen,OUT,S. Pippen (Out),rotowire
2025-12-28,MEM,V. Williams,OUT,V. Williams (Out),rotowire
2025-12-28,MEM,K. George,OUT,K. George (Out),rotowire
2025-12-28,MEM,C. Kispert,OUT,C. Kispert (Out),rotowire
2025-12-28,MEM,C. Whitmore,OUT,C. Whitmore (Out),rotowire
2025-12-28,WAS,K. George,OUT,K. George (Out),rotowire
2025-12-28,WAS,C. Kispert,OUT,C. Kispert (Out),rotowire
2025-12-28,WAS,C. Whitmore,OUT,C. Whitmore (Out),rotowire
2025-12-28,LAC,B. Beal,OFS,B. Beal (OFS),rotowire
2025-12-28,LAC,B. Bogdanovic,OUT,B. Bogdanovic (Out),rotowire
2025-12-28,LAC,J. Collins,OUT,J. Collins (Out),rotowire
2025-12-28,LAC,Chris Paul,OUT,Chris Paul (Out),rotowire
2025-12-28,LAC,I. Zubac,OUT,I. Zubac (Out),rotowire
2025-12-28,SAC,D. Carter,OUT,D. Carter (Out),rotowire
2025-12-28,SAC,D. Eubanks,OUT,D. Eubanks (Out),rotowire
2025-12-28,SAC,Z. LaVine,OUT,Z. LaVine (Out),rotowire
2025-12-28,SAC,K. Murray,OUT,K. Murray (Out),rotowire
2025-12-28,SAC,D. Sabonis,OUT,D. Sabonis (Out),rotowire
2025-12-28,SAC,J. Hayes,OUT,J. Hayes (Out),rotowire
2025-12-28,SAC,A. Reaves,OUT,A. Reaves (Out),rotowire
2025-12-28,SAC,G. Vincent,OUT,G. Vincent (Out),rotowire
2025-12-28,LAL,J. Hayes,OUT,J. Hayes (Out),rotowire
2025-12-28,LAL,A. Reaves,OUT,A. Reaves (Out),rotowire
2025-12-28,LAL,G. Vincent,OUT,G. Vincent (Out),rotowire
2025-12-28,DET,B. Beal,OFS,B. Beal (OFS),rotowire
2025-12-28,DET,B. Bogdanovic,OUT,B. Bogdanovic (Out),rotowire
2025-12-28,DET,J. Collins,OUT,J. Collins (Out),rotowire
2025-12-28,DET,Chris Paul,OUT,Chris Paul (Out),rotowire
2025-12-28,DET,I. Zubac,OUT,I. Zubac (Out),rotowire
2025-12-29,PHX,R. Dunn,QUES,R. Dunn (Ques),rotowire
2025-12-29,GSW,L. Cryer,QUES,L. Cryer (Ques),rotowire
2025-12-29,GSW,D. Melton,PROB,D. Melton (Prob),rotowire
2025-12-29,GSW,S. Curry,QUES,S. Curry (Ques),rotowire
2025-12-29,IND,J. Huff,QUES,J. Huff (Ques),rotowire
2025-12-29,IND,T. McConnell,QUES,T. McConnell (Ques),rotowire
2025-12-29,ATL,T. Young,QUES,T. Young (Ques),rotowire
2025-12-29,ATL,I. Joe,QUES,I. Joe (Ques),rotowire
2025-12-29,OKC,I. Joe,QUES,I. Joe (Ques),rotowire
2025-12-29,MIL,G. Trent,QUES,G. Trent (Ques),rotowire
2025-12-29,MIL,S. James,QUES,S. James (Ques),rotowire
2025-12-29,CHA,S. James,QUES,S. James (Ques),rotowire
2025-12-29,GSW,J. Butler,PROB,J. Butler (Prob),rotowire
2025-12-29,GSW,Z. Williams,PROB,Z. Williams (Prob),rotowire
2025-12-29,BKN,Z. Williams,PROB,Z. Williams (Prob),rotowire
2025-12-29,ORL,G. Bitadze,QUES,G. Bitadze (Ques),rotowire
2025-12-29,ORL,C. Murray-Boyles,QUES,C. Murray-Boyles (Ques),rotowire
2025-12-29,TOR,C. Murray-Boyles,QUES,C. Murray-Boyles (Ques),rotowire
2025-12-29,DEN,B. Adebayo,PROB,B. Adebayo (Prob),rotowire
2025-12-29,MIA,B. Adebayo,PROB,B. Adebayo (Prob),rotowire
2025-12-29,NYK,M. McBride,PROB,M. McBride (Prob),rotowire
2025-12-29,NYK,T. Kolek,QUES,T. Kolek (Ques),rotowire
2025-12-29,CLE,D. Fox,QUES,D. Fox (Ques),rotowire
2025-12-29,SAS,D. Fox,QUES,D. Fox (Ques),rotowire
2025-12-29,ATL,A. Mitchell,QUES,A. Mitchell (Ques),rotowire
2025-12-29,OKC,A. Mitchell,QUES,A. Mitchell (Ques),rotowire
2025-12-29,DAL,B. Williams,PROB,B. Williams (Prob),rotowire
2025-12-29,DAL,R. Williams,QUES,R. Williams (Ques),rotowire
2025-12-29,POR,R. Williams,QUES,R. Williams (Ques),rotowire
2025-12-29,PHX,G. Allen,OUT,G. Allen (Out),rotowire
2025-12-29,PHX,Ryan Dunn,OUT,Ryan Dunn (Out),rotowire
2025-12-29,PHX,J. Green,OUT,J. Green (Out),rotowire
2025-12-29,PHX,M. Williams,OUT,M. Williams (Out),rotowire
2025-12-29,PHX,Fantasy Home,PROB,Fantasy Home (Prob),rotowire
2025-12-29,PHX,Fantasy Football,REST,Fantasy Football (Rest),rotowire
2025-12-29,PHX,K. George,OUT,K. George (Out),rotowire
2025-12-29,PHX,C. Kispert,OUT,C. Kispert (Out),rotowire
2025-12-29,PHX,K. Middleton,OUT,K. Middleton (Out),rotowire
2025-12-29,PHX,C. Whitmore,OUT,C. Whitmore (Out),rotowire
2025-12-29,WAS,K. George,OUT,K. George (Out),rotowire
2025-12-29,WAS,C. Kispert,OUT,C. Kispert (Out),rotowire
2025-12-29,WAS,K. Middleton,OUT,K. Middleton (Out),rotowire
2025-12-29,WAS,C. Whitmore,OUT,C. Whitmore (Out),rotowire
2025-12-29,MIL,T. Prince,OUT,T. Prince (Out),rotowire
2025-12-29,MIL,M. Bridges,QUES,M. Bridges (Ques),rotowire
2025-12-29,MIL,R. Kalkbrenner,OUT,R. Kalkbrenner (Out),rotowire
2025-12-29,MIL,K. Knueppel,OUT,K. Knueppel (Out),rotowire
2025-12-29,MIL,M. Plumlee,OUT,M. Plumlee (Out),rotowire
2025-12-29,MIL,G. Williams,OUT,G. Williams (Out),rotowire
2025-12-29,CHA,M. Bridges,QUES,M. Bridges (Ques),rotowire
2025-12-29,CHA,R. Kalkbrenner,OUT,R. Kalkbrenner (Out),rotowire
2025-12-29,CHA,K. Knueppel,OUT,K. Knueppel (Out),rotowire
2025-12-29,CHA,M. Plumlee,OUT,M. Plumlee (Out),rotowire
2025-12-29,CHA,G. Williams,OUT,G. Williams (Out),rotowire
2025-12-29,DEN,N. Jokic,QUES,N. Jokic (Ques),rotowire
2025-12-29,DEN,T. Bates,OUT,T. Bates (Out),rotowire
2025-12-29,DEN,C. Braun,OUT,C. Braun (Out),rotowire
2025-12-29,DEN,A. Gordon,OUT,A. Gordon (Out),rotowire
2025-12-29,DEN,C. Johnson,OUT,C. Johnson (Out),rotowire
2025-12-29,DEN,P. Larsson,QUES,P. Larsson (Ques),rotowire
2025-12-29,DEN,T. Herro,OUT,T. Herro (Out),rotowire
2025-12-29,DEN,T. Rozier,OUT,T. Rozier (Out),rotowire
2025-12-29,MIA,P. Larsson,QUES,P. Larsson (Ques),rotowire
2025-12-29,MIA,T. Herro,OUT,T. Herro (Out),rotowire
2025-12-29,MIA,T. Rozier,OUT,T. Rozier (Out),rotowire
2025-12-29,GSW,Seth Curry,OUT,Seth Curry (Out),rotowire
2025-12-29,GSW,Al Horford,OUT,Al Horford (Out),rotowire
2025-12-29,GSW,H. Highsmith,OUT,H. Highsmith (Out),rotowire
2025-12-29,BKN,H. Highsmith,OUT,H. Highsmith (Out),rotowire
2025-12-29,ORL,J. Isaac,QUES,J. Isaac (Ques),rotowire
2025-12-29,ORL,C. Castleton,OUT,C. Castleton (Out),rotowire
2025-12-29,ORL,J. Suggs,OUT,J. Suggs (Out),rotowire
2025-12-29,ORL,M. Wagner,OUT,M. Wagner (Out),rotowire
2025-12-29,ORL,F. Wagner,OUT,F. Wagner (Out),rotowire
2025-12-29,ORL,RJ Barrett,OUT,RJ Barrett (Out),rotowire
2025-12-29,ORL,J. Poeltl,OUT,J. Poeltl (Out),rotowire
2025-12-29,TOR,RJ Barrett,OUT,RJ Barrett (Out),rotowire
2025-12-29,TOR,J. Poeltl,OUT,J. Poeltl (Out),rotowire
2025-12-29,NYK,A. Hukporti,QUES,A. Hukporti (Ques),rotowire
2025-12-29,NYK,Josh Hart,OUT,Josh Hart (Out),rotowire
2025-12-29,NYK,M. Robinson,OUT,M. Robinson (Out),rotowire
2025-12-29,NYK,L. Shamet,OUT,L. Shamet (Out),rotowire
2025-12-29,NYK,J. Alvarado,OUT,J. Alvarado (Out),rotowire
2025-12-29,NYK,H. Jones,OUT,H. Jones (Out),rotowire
2025-12-29,NYK,D. Murray,OUT,D. Murray (Out),rotowire
2025-12-29,NOP,J. Alvarado,OUT,J. Alvarado (Out),rotowire
2025-12-29,NOP,H. Jones,OUT,H. Jones (Out),rotowire
2025-12-29,NOP,D. Murray,OUT,D. Murray (Out),rotowire
2025-12-29,MIN,T. Shannon,OUT,T. Shannon (Out),rotowire
2025-12-29,MIN,J. Giddey,QUES,J. Giddey (Ques),rotowire
2025-12-29,MIN,C. White,QUES,C. White (Ques),rotowire
2025-12-29,MIN,N. Essengue,OFS,N. Essengue (OFS),rotowire
2025-12-29,MIN,Z. Collins,OUT,Z. Collins (Out),rotowire
2025-12-29,MIN,T. Flowers,OUT,T. Flowers (Out),rotowire
2025-12-29,MIN,L. Olbrich,OUT,L. Olbrich (Out),rotowire
2025-12-29,CHI,N. Essengue,OFS,N. Essengue (OFS),rotowire
2025-12-29,CHI,J. Giddey,QUES,J. Giddey (Ques),rotowire
2025-12-29,CHI,C. White,QUES,C. White (Ques),rotowire
2025-12-29,CHI,Z. Collins,OUT,Z. Collins (Out),rotowire
2025-12-29,CHI,T. Flowers,OUT,T. Flowers (Out),rotowire
2025-12-29,CHI,L. Olbrich,OUT,L. Olbrich (Out),rotowire
2025-12-29,IND,T. Haliburton,OFS,T. Haliburton (OFS),rotowire
2025-12-29,IND,I. Jackson,OUT,I. Jackson (Out),rotowire
2025-12-29,IND,B. Sheppard,OUT,B. Sheppard (Out),rotowire
2025-12-29,IND,Obi Toppin,OUT,Obi Toppin (Out),rotowire
2025-12-29,IND,S. Adams,QUES,S. Adams (Ques),rotowire
2025-12-29,IND,A. Sengun,OUT,A. Sengun (Out),rotowire
2025-12-29,IND,F. VanVleet,OUT,F. VanVleet (Out),rotowire
2025-12-29,HOU,S. Adams,QUES,S. Adams (Ques),rotowire
2025-12-29,HOU,A. Sengun,OUT,A. Sengun (Out),rotowire
2025-12-29,HOU,F. VanVleet,OUT,F. VanVleet (Out),rotowire
2025-12-29,CLE,L. Nance,OUT,L. Nance (Out),rotowire
2025-12-29,CLE,Max Strus,OUT,Max Strus (Out),rotowire
2025-12-29,ATL,N. Dante,OFS,N. Dante (OFS),rotowire
2025-12-29,ATL,E. Ndiaye,OFS,E. Ndiaye (OFS),rotowire
2025-12-29,ATL,J. Johnson,OUT,J. Johnson (Out),rotowire
2025-12-29,ATL,K. Porzingis,OUT,K. Porzingis (Out),rotowire
2025-12-29,ATL,Trae Young,OUT,Trae Young (Out),rotowire
2025-12-29,ATL,T. Sorber,OFS,T. Sorber (OFS),rotowire
2025-12-29,ATL,O. Dieng,OUT,O. Dieng (Out),rotowire
2025-12-29,ATL,I. Hartenstein,OUT,I. Hartenstein (Out),rotowire
2025-12-29,ATL,N. Topic,OUT,N. Topic (Out),rotowire
2025-12-29,ATL,J. Williams,OUT,J. Williams (Out),rotowire
2025-12-29,OKC,T. Sorber,OFS,T. Sorber (OFS),rotowire
2025-12-29,OKC,O. Dieng,OUT,O. Dieng (Out),rotowire
2025-12-29,OKC,I. Hartenstein,OUT,I. Hartenstein (Out),rotowire
2025-12-29,OKC,N. Topic,OUT,N. Topic (Out),rotowire
2025-12-29,OKC,J. Williams,OUT,J. Williams (Out),rotowire
2025-12-29,DAL,Dante Exum,OFS,Dante Exum (OFS),rotowire
2025-12-29,DAL,D. Lively,OFS,D. Lively (OFS),rotowire
2025-12-29,DAL,A. Davis,OUT,A. Davis (Out),rotowire
2025-12-29,DAL,K. Irving,OUT,K. Irving (Out),rotowire
2025-12-29,DAL,D. Lillard,OFS,D. Lillard (OFS),rotowire
2025-12-29,DAL,J. Grant,OUT,J. Grant (Out),rotowire
2025-12-29,DAL,S. Henderson,OUT,S. Henderson (Out),rotowire
2025-12-29,DAL,J. Holiday,OUT,J. Holiday (Out),rotowire
2025-12-29,DAL,K. Murray,OUT,K. Murray (Out),rotowire
2025-12-29,DAL,M. Thybulle,OUT,M. Thybulle (Out),rotowire
2025-12-29,DAL,B. Wesley,OUT,B. Wesley (Out),rotowire
2025-12-29,POR,D. Lillard,OFS,D. Lillard (OFS),rotowire
2025-12-29,POR,J. Grant,OUT,J. Grant (Out),rotowire
2025-12-29,POR,S. Henderson,OUT,S. Henderson (Out),rotowire
2025-12-29,POR,J. Holiday,OUT,J. Holiday (Out),rotowire
2025-12-29,POR,K. Murray,OUT,K. Murray (Out),rotowire
2025-12-29,POR,M. Thybulle,OUT,M. Thybulle (Out),rotowire
2025-12-29,POR,B. Wesley,OUT,B. Wesley (Out),rotowire
2025-12-30,SAC,K. Murray,QUES,K. Murray (Ques),rotowire
2025-12-30,PHI,J. Embiid,QUES,J. Embiid (Ques),rotowire
2025-12-30,PHI,J. Landale,QUES,J. Landale (Ques),rotowire
2025-12-30,MEM,J. Landale,QUES,J. Landale (Ques),rotowire
2025-12-30,BOS,K. George,QUES,K. George (Ques),rotowire
2025-12-30,UTA,K. George,QUES,K. George (Ques),rotowire
2025-12-30,SAC,J. Collins,QUES,J. Collins (Ques),rotowire
2025-12-30,LAC,J. Collins,QUES,J. Collins (Ques),rotowire
2025-12-30,PHI,K. Oubre,OUT,K. Oubre (Out),rotowire
2025-12-30,PHI,T. Watford,OUT,T. Watford (Out),rotowire
2025-12-30,PHI,Fantasy Home,PROB,Fantasy Home (Prob),rotowire
2025-12-30,PHI,Fantasy Football,REST,Fantasy Football (Rest),rotowire
2025-12-30,PHI,K. Caldwell-Pope,OUT,K. Caldwell-Pope (Out),rotowire
2025-12-30,PHI,B. Clarke,OUT,B. Clarke (Out),rotowire
2025-12-30,PHI,Zach Edey,OUT,Zach Edey (Out),rotowire
2025-12-30,PHI,Ty Jerome,OUT,Ty Jerome (Out),rotowire
2025-12-30,PHI,J. Konchar,OUT,J. Konchar (Out),rotowire
2025-12-30,PHI,S. Pippen,OUT,S. Pippen (Out),rotowire
2025-12-30,PHI,V. Williams,OUT,V. Williams (Out),rotowire
2025-12-30,MEM,K. Caldwell-Pope,OUT,K. Caldwell-Pope (Out),rotowire
2025-12-30,MEM,B. Clarke,OUT,B. Clarke (Out),rotowire
2025-12-30,MEM,Zach Edey,OUT,Zach Edey (Out),rotowire
2025-12-30,MEM,Ty Jerome,OUT,Ty Jerome (Out),rotowire
2025-12-30,MEM,J. Konchar,OUT,J. Konchar (Out),rotowire
2025-12-30,MEM,S. Pippen,OUT,S. Pippen (Out),rotowire
2025-12-30,MEM,V. Williams,OUT,V. Williams (Out),rotowire
2025-12-30,BOS,C. Boucher,OUT,C. Boucher (Out),rotowire
2025-12-30,BOS,J. Tatum,OUT,J. Tatum (Out),rotowire
2025-12-30,BOS,W. Kessler,OFS,W. Kessler (OFS),rotowire
2025-12-30,BOS,Ace Bailey,OUT,Ace Bailey (Out),rotowire
2025-12-30,BOS,Kevin Love,OUT,Kevin Love (Out),rotowire
2025-12-30,BOS,G. Niang,OUT,G. Niang (Out),rotowire
2025-12-30,UTA,W. Kessler,OFS,W. Kessler (OFS),rotowire
2025-12-30,UTA,Ace Bailey,OUT,Ace Bailey (Out),rotowire
2025-12-30,UTA,Kevin Love,OUT,Kevin Love (Out),rotowire
2025-12-30,UTA,G. Niang,OUT,G. Niang (Out),rotowire
2025-12-30,DET,C. LeVert,OUT,C. LeVert (Out),rotowire
2025-12-30,DET,R. Hachimura,OUT,R. Hachimura (Out),rotowire
2025-12-30,DET,A. Reaves,OUT,A. Reaves (Out),rotowire
2025-12-30,DET,G. Vincent,OUT,G. Vincent (Out),rotowire
2025-12-30,LAL,R. Hachimura,OUT,R. Hachimura (Out),rotowire
2025-12-30,LAL,A. Reaves,OUT,A. Reaves (Out),rotowire
2025-12-30,LAL,G. Vincent,OUT,G. Vincent (Out),rotowire
2025-12-30,SAC,Z. LaVine,OUT,Z. LaVine (Out),rotowire
2025-12-30,SAC,D. Sabonis,OUT,D. Sabonis (Out),rotowire
2025-12-30,SAC,B. Beal,OFS,B. Beal (OFS),rotowire
2025-12-30,SAC,B. Bogdanovic,OUT,B. Bogdanovic (Out),rotowire
2025-12-30,SAC,Chris Paul,OUT,Chris Paul (Out),rotowire
2025-12-30,SAC,I. Zubac,OUT,I. Zubac (Out),rotowire
2025-12-30,LAC,B. Beal,OFS,B. Beal (OFS),rotowire
2025-12-30,LAC,B. Bogdanovic,OUT,B. Bogdanovic (Out),rotowire
2025-12-30,LAC,Chris Paul,OUT,Chris Paul (Out),rotowire
2025-12-30,LAC,I. Zubac,OUT,I. Zubac (Out),rotowire
2025-12-31,GSW,K. Knueppel,PROB,K. Knueppel (Prob),rotowire
2025-12-31,GSW,P. Connaughton,QUES,P. Connaughton (Ques),rotowire
2025-12-31,CHA,K. Knueppel,PROB,K. Knueppel (Prob),rotowire
2025-12-31,CHA,P. Connaughton,QUES,P. Connaughton (Ques),rotowire
2025-12-31,MIN,E. Ndiaye,OFS,E. Ndiaye (OFS),rotowire
2025-12-31,ATL,E. Ndiaye,OFS,E. Ndiaye (OFS),rotowire
2025-12-31,MIN,T. Young,QUES,T. Young (Ques),rotowire
2025-12-31,ATL,T. Young,QUES,T. Young (Ques),rotowire
2025-12-31,ORL,D. Bane,QUES,D. Bane (Ques),rotowire
2025-12-31,ORL,J. Suggs,QUES,J. Suggs (Ques),rotowire
2025-12-31,ORL,T. McConnell,PROB,T. McConnell (Prob),rotowire
2025-12-31,ORL,B. Sheppard,QUES,B. Sheppard (Ques),rotowire
2025-12-31,IND,T. McConnell,PROB,T. McConnell (Prob),rotowire
2025-12-31,IND,B. Sheppard,QUES,B. Sheppard (Ques),rotowire
2025-12-31,PHX,R. Dunn,QUES,R. Dunn (Ques),rotowire
2025-12-31,PHX,S. Merrill,PROB,S. Merrill (Prob),rotowire
2025-12-31,CLE,S. Merrill,PROB,S. Merrill (Prob),rotowire
2025-12-31,NYK,T. Kolek,PROB,T. Kolek (Prob),rotowire
2025-12-31,NYK,A. Hukporti,QUES,A. Hukporti (Ques),rotowire
2025-12-31,WAS,M. Branham,QUES,M. Branham (Ques),rotowire
2025-12-31,NYK,S. Castle,QUES,S. Castle (Ques),rotowire
2025-12-31,SAS,S. Castle,QUES,S. Castle (Ques),rotowire
2025-12-31,DEN,J. Strawther,PROB,J. Strawther (Prob),rotowire
2025-12-31,POR,K. Murray,QUES,K. Murray (Ques),rotowire
2025-12-31,GSW,Seth Curry,OUT,Seth Curry (Out),rotowire
2025-12-31,GSW,Fantasy Home,PROB,Fantasy Home (Prob),rotowire
2025-12-31,GSW,Fantasy Football,REST,Fantasy Football (Rest),rotowire
2025-12-31,GSW,M. Bridges,OUT,M. Bridges (Out),rotowire
2025-12-31,GSW,R. Kalkbrenner,OUT,R. Kalkbrenner (Out),rotowire
2025-12-31,GSW,M. Plumlee,OUT,M. Plumlee (Out),rotowire
2025-12-31,GSW,G. Williams,OUT,G. Williams (Out),rotowire
2025-12-31,CHA,M. Bridges,OUT,M. Bridges (Out),rotowire
2025-12-31,CHA,R. Kalkbrenner,OUT,R. Kalkbrenner (Out),rotowire
2025-12-31,CHA,M. Plumlee,OUT,M. Plumlee (Out),rotowire
2025-12-31,CHA,G. Williams,OUT,G. Williams (Out),rotowire
2025-12-31,MIN,T. Shannon,OUT,T. Shannon (Out),rotowire
2025-12-31,MIN,N. Dante,OFS,N. Dante (OFS),rotowire
2025-12-31,MIN,Trae Young,OUT,Trae Young (Out),rotowire
2025-12-31,ATL,N. Dante,OFS,N. Dante (OFS),rotowire
2025-12-31,ATL,Trae Young,OUT,Trae Young (Out),rotowire
2025-12-31,ORL,C. Castleton,OUT,C. Castleton (Out),rotowire
2025-12-31,ORL,J. Howard,OUT,J. Howard (Out),rotowire
2025-12-31,ORL,J. Isaac,OUT,J. Isaac (Out),rotowire
2025-12-31,ORL,M. Wagner,OUT,M. Wagner (Out),rotowire
2025-12-31,ORL,F. Wagner,OUT,F. Wagner (Out),rotowire
2025-12-31,ORL,T. Haliburton,OFS,T. Haliburton (OFS),rotowire
2025-12-31,ORL,I. Jackson,OUT,I. Jackson (Out),rotowire
2025-12-31,ORL,Obi Toppin,OUT,Obi Toppin (Out),rotowire
2025-12-31,IND,T. Haliburton,OFS,T. Haliburton (OFS),rotowire
2025-12-31,IND,I. Jackson,OUT,I. Jackson (Out),rotowire
2025-12-31,IND,Obi Toppin,OUT,Obi Toppin (Out),rotowire
2025-12-31,PHX,G. Allen,OUT,G. Allen (Out),rotowire
2025-12-31,PHX,J. Green,OUT,J. Green (Out),rotowire
2025-12-31,PHX,D. Hunter,OUT,D. Hunter (Out),rotowire
2025-12-31,PHX,L. Nance,OUT,L. Nance (Out),rotowire
2025-12-31,PHX,Max Strus,OUT,Max Strus (Out),rotowire
2025-12-31,CLE,D. Hunter,OUT,D. Hunter (Out),rotowire
2025-12-31,CLE,L. Nance,OUT,L. Nance (Out),rotowire
2025-12-31,CLE,Max Strus,OUT,Max Strus (Out),rotowire
2025-12-31,NOP,J. Alvarado,OUT,J. Alvarado (Out),rotowire
2025-12-31,NOP,H. Jones,OUT,H. Jones (Out),rotowire
2025-12-31,NOP,D. Murray,OUT,D. Murray (Out),rotowire
2025-12-31,NOP,N. Essengue,OFS,N. Essengue (OFS),rotowire
2025-12-31,NOP,Z. Collins,OUT,Z. Collins (Out),rotowire
2025-12-31,NOP,T. Flowers,OUT,T. Flowers (Out),rotowire
2025-12-31,NOP,J. Giddey,OUT,J. Giddey (Out),rotowire
2025-12-31,NOP,E. Miller,OUT,E. Miller (Out),rotowire
2025-12-31,NOP,L. Olbrich,OUT,L. Olbrich (Out),rotowire
2025-12-31,NOP,Coby White,OUT,Coby White (Out),rotowire
2025-12-31,CHI,N. Essengue,OFS,N. Essengue (OFS),rotowire
2025-12-31,CHI,Z. Collins,OUT,Z. Collins (Out),rotowire
2025-12-31,CHI,T. Flowers,OUT,T. Flowers (Out),rotowire
2025-12-31,CHI,J. Giddey,OUT,J. Giddey (Out),rotowire
2025-12-31,CHI,E. Miller,OUT,E. Miller (Out),rotowire
2025-12-31,CHI,L. Olbrich,OUT,L. Olbrich (Out),rotowire
2025-12-31,CHI,Coby White,OUT,Coby White (Out),rotowire
2025-12-31,NYK,Josh Hart,OUT,Josh Hart (Out),rotowire
2025-12-31,NYK,M. Robinson,OUT,M. Robinson (Out),rotowire
2025-12-31,NYK,L. Shamet,OUT,L. Shamet (Out),rotowire
2025-12-31,NYK,V. Wembanyama,QUES,V. Wembanyama (Ques),rotowire
2025-12-31,NYK,D. Vassell,OUT,D. Vassell (Out),rotowire
2025-12-31,SAS,V. Wembanyama,QUES,V. Wembanyama (Ques),rotowire
2025-12-31,SAS,D. Vassell,OUT,D. Vassell (Out),rotowire
2025-12-31,DEN,J. Valanciunas,QUES,J. Valanciunas (Ques),rotowire
2025-12-31,DEN,T. Bates,OUT,T. Bates (Out),rotowire
2025-12-31,DEN,C. Braun,OUT,C. Braun (Out),rotowire
2025-12-31,DEN,A. Gordon,OUT,A. Gordon (Out),rotowire
2025-12-31,DEN,C. Johnson,OUT,C. Johnson (Out),rotowire
2025-12-31,DEN,N. Jokic,OUT,N. Jokic (Out),rotowire
2025-12-31,DEN,J. Poeltl,OUT,J. Poeltl (Out),rotowire
2025-12-31,TOR,J. Poeltl,OUT,J. Poeltl (Out),rotowire
2025-12-31,WAS,K. George,OUT,K. George (Out),rotowire
2025-12-31,WAS,C. Kispert,OUT,C. Kispert (Out),rotowire
2025-12-31,WAS,C. Whitmore,OUT,C. Whitmore (Out),rotowire
2025-12-31,WAS,T. Prince,OUT,T. Prince (Out),rotowire
2025-12-31,MIL,T. Prince,OUT,T. Prince (Out),rotowire
2025-12-31,POR,D. Lillard,OFS,D. Lillard (OFS),rotowire
2025-12-31,POR,J. Grant,OUT,J. Grant (Out),rotowire
2025-12-31,POR,S. Henderson,OUT,S. Henderson (Out),rotowire
2025-12-31,POR,J. Holiday,OUT,J. Holiday (Out),rotowire
2025-12-31,POR,M. Thybulle,OUT,M. Thybulle (Out),rotowire
2025-12-31,POR,B. Wesley,OUT,B. Wesley (Out),rotowire
2025-12-31,POR,T. Sorber,OFS,T. Sorber (OFS),rotowire
2025-12-31,POR,O. Dieng,OUT,O. Dieng (Out),rotowire
2025-12-31,POR,I. Hartenstein,OUT,I. Hartenstein (Out),rotowire
2025-12-31,POR,N. Topic,OUT,N. Topic (Out),rotowire
2025-12-31,POR,J. Williams,OUT,J. Williams (Out),rotowire
2025-12-31,OKC,T. Sorber,OFS,T. Sorber (OFS),rotowire
2025-12-31,OKC,O. Dieng,OUT,O. Dieng (Out),rotowire
2025-12-31,OKC,I. Hartenstein,OUT,I. Hartenstein (Out),rotowire
2025-12-31,OKC,N. Topic,OUT,N. Topic (Out),rotowire
2025-12-31,OKC,J. Williams,OUT,J. Williams (Out),rotowire
2026-01-01,MIA,S. Fontecchio,QUES,S. Fontecchio (Ques),rotowire
2026-01-01,HOU,T. Eason,QUES,T. Eason (Ques),rotowire
2026-01-01,HOU,A. Sengun,QUES,A. Sengun (Ques),rotowire
2026-01-01,BOS,C. Boucher,QUES,C. Boucher (Ques),rotowire
2026-01-01,PHI,J. Embiid,PROB,J. Embiid (Prob),rotowire
2026-01-01,HOU,Egor Demin,OUT,Egor Demin (Out),rotowire
2026-01-01,BKN,Egor Demin,OUT,Egor Demin (Out),rotowire
2026-01-01,HOU,S. Adams,QUES,S. Adams (Ques),rotowire
2026-01-01,HOU,C. Capela,QUES,C. Capela (Ques),rotowire
2026-01-01,HOU,F. VanVleet,OUT,F. VanVleet (Out),rotowire
2026-01-01,HOU,Fantasy Home,PROB,Fantasy Home (Prob),rotowire
2026-01-01,HOU,Fantasy Football,REST,Fantasy Football (Rest),rotowire
2026-01-01,HOU,E. Demin,QUES,E. Demin (Ques),rotowire
2026-01-01,HOU,T. Mann,QUES,T. Mann (Ques),rotowire
2026-01-01,HOU,M. Porter,QUES,M. Porter (Ques),rotowire
2026-01-01,HOU,H. Highsmith,OUT,H. Highsmith (Out),rotowire
2026-01-01,BKN,E. Demin,QUES,E. Demin (Ques),rotowire
2026-01-01,BKN,T. Mann,QUES,T. Mann (Ques),rotowire
2026-01-01,BKN,M. Porter,QUES,M. Porter (Ques),rotowire
2026-01-01,BKN,H. Highsmith,OUT,H. Highsmith (Out),rotowire
2026-01-01,MIA,T. Herro,DOUBT,T. Herro (Doubt),rotowire
2026-01-01,MIA,P. Larsson,QUES,P. Larsson (Ques),rotowire
2026-01-01,MIA,T. Rozier,OUT,T. Rozier (Out),rotowire
2026-01-01,MIA,J. Duren,QUES,J. Duren (Ques),rotowire
2026-01-01,MIA,T. Harris,QUES,T. Harris (Ques),rotowire
2026-01-01,MIA,C. LeVert,QUES,C. LeVert (Ques),rotowire
2026-01-01,DET,J. Duren,QUES,J. Duren (Ques),rotowire
2026-01-01,DET,T. Harris,QUES,T. Harris (Ques),rotowire
2026-01-01,DET,C. LeVert,QUES,C. LeVert (Ques),rotowire
2026-01-01,PHI,K. Oubre,OUT,K. Oubre (Out),rotowire
2026-01-01,PHI,T. Watford,OUT,T. Watford (Out),rotowire
2026-01-01,PHI,Dante Exum,OFS,Dante Exum (OFS),rotowire
2026-01-01,PHI,D. Lively,OFS,D. Lively (OFS),rotowire
2026-01-01,PHI,K. Irving,OUT,K. Irving (Out),rotowire
2026-01-01,PHI,D. Russell,OUT,D. Russell (Out),rotowire
2026-01-01,DAL,Dante Exum,OFS,Dante Exum (OFS),rotowire
2026-01-01,DAL,D. Lively,OFS,D. Lively (OFS),rotowire
2026-01-01,DAL,K. Irving,OUT,K. Irving (Out),rotowire
2026-01-01,DAL,D. Russell,OUT,D. Russell (Out),rotowire
2026-01-01,BOS,J. Tatum,OUT,J. Tatum (Out),rotowire
2026-01-01,BOS,Z. LaVine,OUT,Z. LaVine (Out),rotowire
2026-01-01,BOS,D. Sabonis,OUT,D. Sabonis (Out),rotowire
2026-01-01,SAC,Z. LaVine,OUT,Z. LaVine (Out),rotowire
2026-01-01,SAC,D. Sabonis,OUT,D. Sabonis (Out),rotowire
2026-01-01,UTA,W. Kessler,OFS,W. Kessler (OFS),rotowire
2026-01-01,UTA,Ace Bailey,OUT,Ace Bailey (Out),rotowire
2026-01-01,UTA,K. George,OUT,K. George (Out),rotowire
2026-01-01,UTA,Kevin Love,OUT,Kevin Love (Out),rotowire
2026-01-01,UTA,L. Markkanen,OUT,L. Markkanen (Out),rotowire
2026-01-01,UTA,G. Niang,OUT,G. Niang (Out),rotowire
2026-01-01,UTA,J. Nurkic,OUT,J. Nurkic (Out),rotowire
2026-01-01,UTA,B. Beal,OFS,B. Beal (OFS),rotowire
2026-01-01,UTA,B. Bogdanovic,OUT,B. Bogdanovic (Out),rotowire
2026-01-01,UTA,Chris Paul,OUT,Chris Paul (Out),rotowire
2026-01-01,UTA,I. Zubac,OUT,I. Zubac (Out),rotowire
2026-01-01,LAC,B. Beal,OFS,B. Beal (OFS),rotowire
2026-01-01,LAC,B. Bogdanovic,OUT,B. Bogdanovic (Out),rotowire
2026-01-01,LAC,Chris Paul,OUT,Chris Paul (Out),rotowire
2026-01-01,LAC,I. Zubac,OUT,I. Zubac (Out),rotowire
2026-01-02,ATL,T. Young,QUES,T. Young (Ques),rotowire
2026-01-02,POR,S. Bey,QUES,S. Bey (Ques),rotowire
2026-01-02,NOP,S. Bey,QUES,S. Bey (Ques),rotowire
2026-01-02,OKC,T. Jackson-Davis,PROB,T. Jackson-Davis (Prob),rotowire
2026-01-02,GSW,T. Jackson-Davis,PROB,T. Jackson-Davis (Prob),rotowire
2026-01-02,SAS,T. McConnell,PROB,T. McConnell (Prob),rotowire
2026-01-02,IND,T. McConnell,PROB,T. McConnell (Prob),rotowire
2026-01-02,BKN,T. Mann,PROB,T. Mann (Prob),rotowire
2026-01-02,DEN,J. Murray,PROB,J. Murray (Prob),rotowire
2026-01-02,DEN,J. Strawther,PROB,J. Strawther (Prob),rotowire
2026-01-02,DEN,D. Wade,QUES,D. Wade (Ques),rotowire
2026-01-02,DEN,D. Hunter,PROB,D. Hunter (Prob),rotowire
2026-01-02,CLE,D. Hunter,PROB,D. Hunter (Prob),rotowire
2026-01-02,CLE,D. Wade,QUES,D. Wade (Ques),rotowire
2026-01-02,ORL,J. Isaac,QUES,J. Isaac (Ques),rotowire
2026-01-02,CHA,M. Bridges,PROB,M. Bridges (Prob),rotowire
2026-01-02,CHA,G. Antetokounmpo,PROB,G. Antetokounmpo (Prob),rotowire
2026-01-02,MIL,G. Antetokounmpo,PROB,G. Antetokounmpo (Prob),rotowire
2026-01-02,MEM,K. Caldwell-Pope,PROB,K. Caldwell-Pope (Prob),rotowire
2026-01-02,MEM,J. Wells,PROB,J. Wells (Prob),rotowire
2026-01-02,MEM,J. Vanderbilt,PROB,J. Vanderbilt (Prob),rotowire
2026-01-02,LAL,J. Vanderbilt,PROB,J. Vanderbilt (Prob),rotowire
2026-01-02,OKC,A. Horford,PROB,A. Horford (Prob),rotowire
2026-01-02,GSW,A. Horford,PROB,A. Horford (Prob),rotowire
2026-01-02,SAS,D. Vassell,OUT,D. Vassell (Out),rotowire
2026-01-02,SAS,V. Wembanyama,OUT,V. Wembanyama (Out),rotowire
2026-01-02,SAS,Fantasy Home,PROB,Fantasy Home (Prob),rotowire
2026-01-02,SAS,Fantasy Football,REST,Fantasy Football (Rest),rotowire
2026-01-02,SAS,T. Haliburton,OFS,T. Haliburton (OFS),rotowire
2026-01-02,SAS,I. Jackson,OUT,I. Jackson (Out),rotowire
2026-01-02,SAS,Obi Toppin,OUT,Obi Toppin (Out),rotowire
2026-01-02,IND,T. Haliburton,OFS,T. Haliburton (OFS),rotowire
2026-01-02,IND,I. Jackson,OUT,I. Jackson (Out),rotowire
2026-01-02,IND,Obi Toppin,OUT,Obi Toppin (Out),rotowire
2026-01-02,BKN,N. Claxton,OUT,N. Claxton (Out),rotowire
2026-01-02,BKN,H. Highsmith,OUT,H. Highsmith (Out),rotowire
2026-01-02,BKN,M. Porter,OUT,M. Porter (Out),rotowire
2026-01-02,BKN,Cam Thomas,OUT,Cam Thomas (Out),rotowire
2026-01-02,BKN,K. George,OUT,K. George (Out),rotowire
2026-01-02,BKN,C. Kispert,OUT,C. Kispert (Out),rotowire
2026-01-02,BKN,C. Whitmore,OUT,C. Whitmore (Out),rotowire
2026-01-02,WAS,K. George,OUT,K. George (Out),rotowire
2026-01-02,WAS,C. Kispert,OUT,C. Kispert (Out),rotowire
2026-01-02,WAS,C. Whitmore,OUT,C. Whitmore (Out),rotowire
2026-01-02,DEN,T. Bates,OUT,T. Bates (Out),rotowire
2026-01-02,DEN,C. Braun,OUT,C. Braun (Out),rotowire
2026-01-02,DEN,A. Gordon,OUT,A. Gordon (Out),rotowire
2026-01-02,DEN,C. Johnson,OUT,C. Johnson (Out),rotowire
2026-01-02,DEN,N. Jokic,OUT,N. Jokic (Out),rotowire
2026-01-02,DEN,J. Valanciunas,OUT,J. Valanciunas (Out),rotowire
2026-01-02,DEN,S. Merrill,OUT,S. Merrill (Out),rotowire
2026-01-02,DEN,L. Nance,OUT,L. Nance (Out),rotowire
2026-01-02,DEN,Max Strus,OUT,Max Strus (Out),rotowire
2026-01-02,DEN,Dean Wade,OUT,Dean Wade (Out),rotowire
2026-01-02,CLE,S. Merrill,OUT,S. Merrill (Out),rotowire
2026-01-02,CLE,L. Nance,OUT,L. Nance (Out),rotowire
2026-01-02,CLE,Max Strus,OUT,Max Strus (Out),rotowire
2026-01-02,CLE,Dean Wade,OUT,Dean Wade (Out),rotowire
2026-01-02,ATL,N. Dante,OFS,N. Dante (OFS),rotowire
2026-01-02,ATL,Trae Young,OUT,Trae Young (Out),rotowire
2026-01-02,ATL,Josh Hart,OUT,Josh Hart (Out),rotowire
2026-01-02,ATL,M. Robinson,OUT,M. Robinson (Out),rotowire
2026-01-02,ATL,L. Shamet,OUT,L. Shamet (Out),rotowire
2026-01-02,ATL,K. Towns,OUT,K. Towns (Out),rotowire
2026-01-02,NYK,Josh Hart,OUT,Josh Hart (Out),rotowire
2026-01-02,NYK,M. Robinson,OUT,M. Robinson (Out),rotowire
2026-01-02,NYK,L. Shamet,OUT,L. Shamet (Out),rotowire
2026-01-02,NYK,K. Towns,OUT,K. Towns (Out),rotowire
2026-01-02,POR,D. Lillard,OFS,D. Lillard (OFS),rotowire
2026-01-02,POR,J. Grant,OUT,J. Grant (Out),rotowire
2026-01-02,POR,S. Henderson,OUT,S. Henderson (Out),rotowire
2026-01-02,POR,J. Holiday,OUT,J. Holiday (Out),rotowire
2026-01-02,POR,M. Thybulle,OUT,M. Thybulle (Out),rotowire
2026-01-02,POR,B. Wesley,OUT,B. Wesley (Out),rotowire
2026-01-02,POR,Saddiq Bey,OUT,Saddiq Bey (Out),rotowire
2026-01-02,POR,H. Jones,OUT,H. Jones (Out),rotowire
2026-01-02,POR,T. Murphy,OUT,T. Murphy (Out),rotowire
2026-01-02,POR,D. Murray,OUT,D. Murray (Out),rotowire
2026-01-02,POR,D. Queen,OUT,D. Queen (Out),rotowire
2026-01-02,NOP,Saddiq Bey,OUT,Saddiq Bey (Out),rotowire
2026-01-02,NOP,H. Jones,OUT,H. Jones (Out),rotowire
2026-01-02,NOP,T. Murphy,OUT,T. Murphy (Out),rotowire
2026-01-02,NOP,D. Murray,OUT,D. Murray (Out),rotowire
2026-01-02,NOP,D. Queen,OUT,D. Queen (Out),rotowire
2026-01-02,ORL,J. Suggs,QUES,J. Suggs (Ques),rotowire
2026-01-02,ORL,C. Castleton,OUT,C. Castleton (Out),rotowire
2026-01-02,ORL,M. Wagner,OUT,M. Wagner (Out),rotowire
2026-01-02,ORL,F. Wagner,OUT,F. Wagner (Out),rotowire
2026-01-02,ORL,N. Essengue,OFS,N. Essengue (OFS),rotowire
2026-01-02,ORL,Z. Collins,OUT,Z. Collins (Out),rotowire
2026-01-02,ORL,T. Flowers,OUT,T. Flowers (Out),rotowire
2026-01-02,ORL,J. Giddey,OUT,J. Giddey (Out),rotowire
2026-01-02,ORL,E. Miller,OUT,E. Miller (Out),rotowire
2026-01-02,ORL,L. Olbrich,OUT,L. Olbrich (Out),rotowire
2026-01-02,ORL,Coby White,OUT,Coby White (Out),rotowire
2026-01-02,CHI,N. Essengue,OFS,N. Essengue (OFS),rotowire
2026-01-02,CHI,Z. Collins,OUT,Z. Collins (Out),rotowire
2026-01-02,CHI,T. Flowers,OUT,T. Flowers (Out),rotowire
2026-01-02,CHI,J. Giddey,OUT,J. Giddey (Out),rotowire
2026-01-02,CHI,E. Miller,OUT,E. Miller (Out),rotowire
2026-01-02,CHI,L. Olbrich,OUT,L. Olbrich (Out),rotowire
2026-01-02,CHI,Coby White,OUT,Coby White (Out),rotowire
2026-01-02,CHA,M. Diabate,OUT,M. Diabate (Out),rotowire
2026-01-02,CHA,R. Kalkbrenner,OUT,R. Kalkbrenner (Out),rotowire
2026-01-02,CHA,M. Plumlee,OUT,M. Plumlee (Out),rotowire
2026-01-02,CHA,G. Williams,OUT,G. Williams (Out),rotowire
2026-01-02,CHA,G. Harris,OUT,G. Harris (Out),rotowire
2026-01-02,CHA,T. Prince,OUT,T. Prince (Out),rotowire
2026-01-02,MIL,G. Harris,OUT,G. Harris (Out),rotowire
2026-01-02,MIL,T. Prince,OUT,T. Prince (Out),rotowire
2026-01-02,SAC,Z. LaVine,OUT,Z. LaVine (Out),rotowire
2026-01-02,SAC,D. Sabonis,OUT,D. Sabonis (Out),rotowire
2026-01-02,SAC,G. Allen,OUT,G. Allen (Out),rotowire
2026-01-02,SAC,J. Green,OUT,J. Green (Out),rotowire
2026-01-02,PHX,G. Allen,OUT,G. Allen (Out),rotowire
2026-01-02,PHX,J. Green,OUT,J. Green (Out),rotowire
2026-01-02,OKC,T. Sorber,OFS,T. Sorber (OFS),rotowire
2026-01-02,OKC,O. Dieng,OUT,O. Dieng (Out),rotowire
2026-01-02,OKC,I. Hartenstein,OUT,I. Hartenstein (Out),rotowire
2026-01-02,OKC,N. Topic,OUT,N. Topic (Out),rotowire
2026-01-02,OKC,J. Williams,OUT,J. Williams (Out),rotowire
2026-01-02,OKC,L. Cryer,QUES,L. Cryer (Ques),rotowire
2026-01-02,OKC,J. Butler,OUT,J. Butler (Out),rotowire
2026-01-02,OKC,S. Curry,OUT,S. Curry (Out),rotowire
2026-01-02,OKC,Seth Curry,OUT,Seth Curry (Out),rotowire
2026-01-02,OKC,D. Green,OUT,D. Green (Out),rotowire
2026-01-02,OKC,J. Kuminga,OUT,J. Kuminga (Out),rotowire
2026-01-02,OKC,D. Melton,OUT,D. Melton (Out),rotowire
2026-01-02,GSW,L. Cryer,QUES,L. Cryer (Ques),rotowire
2026-01-02,GSW,J. Butler,OUT,J. Butler (Out),rotowire
2026-01-02,GSW,S. Curry,OUT,S. Curry (Out),rotowire
2026-01-02,GSW,Seth Curry,OUT,Seth Curry (Out),rotowire
2026-01-02,GSW,D. Green,OUT,D. Green (Out),rotowire
2026-01-02,GSW,J. Kuminga,OUT,J. Kuminga (Out),rotowire
2026-01-02,GSW,D. Melton,OUT,D. Melton (Out),rotowire
2026-01-02,MEM,B. Clarke,OUT,B. Clarke (Out),rotowire
2026-01-02,MEM,Zach Edey,OUT,Zach Edey (Out),rotowire
2026-01-02,MEM,Ty Jerome,OUT,Ty Jerome (Out),rotowire
2026-01-02,MEM,J. Konchar,OUT,J. Konchar (Out),rotowire
2026-01-02,MEM,S. Pippen,OUT,S. Pippen (Out),rotowire
2026-01-02,MEM,V. Williams,OUT,V. Williams (Out),rotowire
2026-01-02,MEM,R. Hachimura,OUT,R. Hachimura (Out),rotowire
2026-01-02,MEM,A. Reaves,OUT,A. Reaves (Out),rotowire
2026-01-02,MEM,A. Thiero,OUT,A. Thiero (Out),rotowire
2026-01-02,MEM,G. Vincent,OUT,G. Vincent (Out),rotowire
2026-01-02,LAL,R. Hachimura,OUT,R. Hachimura (Out),rotowire
2026-01-02,LAL,A. Reaves,OUT,A. Reaves (Out),rotowire
2026-01-02,LAL,A. Thiero,OUT,A. Thiero (Out),rotowire
2026-01-02,LAL,G. Vincent,OUT,G. Vincent (Out),rotowire
2026-01-03,CHA,E. Miller,QUES,E. Miller (Ques),rotowire
2026-01-03,CHI,E. Miller,QUES,E. Miller (Ques),rotowire
2026-01-03,PHI,M. Robinson,QUES,M. Robinson (Ques),rotowire
2026-01-03,NYK,M. Robinson,QUES,M. Robinson (Ques),rotowire
2026-01-03,ATL,T. Young,QUES,T. Young (Ques),rotowire
2026-01-03,UTA,K. George,QUES,K. George (Ques),rotowire
2026-01-03,MIN,B. Adebayo,PROB,B. Adebayo (Prob),rotowire
2026-01-03,MIN,N. Jovic,PROB,N. Jovic (Prob),rotowire
2026-01-03,MIA,B. Adebayo,PROB,B. Adebayo (Prob),rotowire
2026-01-03,MIA,N. Jovic,PROB,N. Jovic (Prob),rotowire
2026-01-03,CHA,L. Olbrich,QUES,L. Olbrich (Ques),rotowire
2026-01-03,CHI,L. Olbrich,QUES,L. Olbrich (Ques),rotowire
2026-01-03,UTA,D. Melton,PROB,D. Melton (Prob),rotowire
2026-01-03,UTA,A. Horford,DOUBT,A. Horford (Doubt),rotowire
2026-01-03,GSW,D. Melton,PROB,D. Melton (Prob),rotowire
2026-01-03,GSW,A. Horford,DOUBT,A. Horford (Doubt),rotowire
2026-01-03,PHI,J. Embiid,PROB,J. Embiid (Prob),rotowire
2026-01-03,PHI,K. Towns,QUES,K. Towns (Ques),rotowire
2026-01-03,NYK,K. Towns,QUES,K. Towns (Ques),rotowire
2026-01-03,UTA,L. Markkanen,PROB,L. Markkanen (Prob),rotowire
2026-01-03,UTA,S. Curry,QUES,S. Curry (Ques),rotowire
2026-01-03,UTA,J. Butler,QUES,J. Butler (Ques),rotowire
2026-01-03,UTA,W. Richard,PROB,W. Richard (Prob),rotowire
2026-01-03,UTA,J. Kuminga,QUES,J. Kuminga (Ques),rotowire
2026-01-03,GSW,W. Richard,PROB,W. Richard (Prob),rotowire
2026-01-03,GSW,J. Butler,QUES,J. Butler (Ques),rotowire
2026-01-03,GSW,S. Curry,QUES,S. Curry (Ques),rotowire
2026-01-03,GSW,J. Kuminga,QUES,J. Kuminga (Ques),rotowire
2026-01-03,MIN,T. Shannon,OUT,T. Shannon (Out),rotowire
2026-01-03,MIN,Fantasy Home,PROB,Fantasy Home (Prob),rotowire
2026-01-03,MIN,Fantasy Football,REST,Fantasy Football (Rest),rotowire
2026-01-03,MIN,T. Herro,DOUBT,T. Herro (Doubt),rotowire
2026-01-03,MIN,J. Jaquez,QUES,J. Jaquez (Ques),rotowire
2026-01-03,MIN,P. Larsson,QUES,P. Larsson (Ques),rotowire
2026-01-03,MIN,T. Rozier,OUT,T. Rozier (Out),rotowire
2026-01-03,MIA,T. Herro,DOUBT,T. Herro (Doubt),rotowire
2026-01-03,MIA,J. Jaquez,QUES,J. Jaquez (Ques),rotowire
2026-01-03,MIA,P. Larsson,QUES,P. Larsson (Ques),rotowire
2026-01-03,MIA,T. Rozier,OUT,T. Rozier (Out),rotowire
2026-01-03,PHI,K. Oubre,OUT,K. Oubre (Out),rotowire
2026-01-03,PHI,T. Watford,OUT,T. Watford (Out),rotowire
2026-01-03,PHI,Josh Hart,OUT,Josh Hart (Out),rotowire
2026-01-03,PHI,L. Shamet,OUT,L. Shamet (Out),rotowire
2026-01-03,NYK,Josh Hart,OUT,Josh Hart (Out),rotowire
2026-01-03,NYK,L. Shamet,OUT,L. Shamet (Out),rotowire
2026-01-03,ATL,N. Dante,OFS,N. Dante (OFS),rotowire
2026-01-03,ATL,L. Kennard,OUT,L. Kennard (Out),rotowire
2026-01-03,ATL,K. Porzingis,OUT,K. Porzingis (Out),rotowire
2026-01-03,ATL,Trae Young,OUT,Trae Young (Out),rotowire
2026-01-03,ATL,J. Poeltl,OUT,J. Poeltl (Out),rotowire
2026-01-03,TOR,J. Poeltl,OUT,J. Poeltl (Out),rotowire
2026-01-03,CHA,M. Diabate,OUT,M. Diabate (Out),rotowire
2026-01-03,CHA,R. Kalkbrenner,OUT,R. Kalkbrenner (Out),rotowire
2026-01-03,CHA,M. Plumlee,OUT,M. Plumlee (Out),rotowire
2026-01-03,CHA,T. Salaun,OUT,T. Salaun (Out),rotowire
2026-01-03,CHA,G. Williams,OUT,G. Williams (Out),rotowire
2026-01-03,CHA,J. Smith,QUES,J. Smith (Ques),rotowire
2026-01-03,CHA,N. Essengue,OFS,N. Essengue (OFS),rotowire
2026-01-03,CHA,Z. Collins,OUT,Z. Collins (Out),rotowire
2026-01-03,CHA,T. Flowers,OUT,T. Flowers (Out),rotowire
2026-01-03,CHA,J. Giddey,OUT,J. Giddey (Out),rotowire
2026-01-03,CHA,Coby White,OUT,Coby White (Out),rotowire
2026-01-03,CHI,N. Essengue,OFS,N. Essengue (OFS),rotowire
2026-01-03,CHI,J. Smith,QUES,J. Smith (Ques),rotowire
2026-01-03,CHI,Z. Collins,OUT,Z. Collins (Out),rotowire
2026-01-03,CHI,T. Flowers,OUT,T. Flowers (Out),rotowire
2026-01-03,CHI,J. Giddey,OUT,J. Giddey (Out),rotowire
2026-01-03,CHI,Coby White,OUT,Coby White (Out),rotowire
2026-01-03,POR,D. Lillard,OFS,D. Lillard (OFS),rotowire
2026-01-03,POR,J. Grant,OUT,J. Grant (Out),rotowire
2026-01-03,POR,S. Henderson,OUT,S. Henderson (Out),rotowire
2026-01-03,POR,J. Holiday,OUT,J. Holiday (Out),rotowire
2026-01-03,POR,M. Thybulle,OUT,M. Thybulle (Out),rotowire
2026-01-03,POR,B. Wesley,OUT,B. Wesley (Out),rotowire
2026-01-03,POR,R. Williams,OUT,R. Williams (Out),rotowire
2026-01-03,POR,D. Vassell,OUT,D. Vassell (Out),rotowire
2026-01-03,POR,V. Wembanyama,OUT,V. Wembanyama (Out),rotowire
2026-01-03,SAS,D. Vassell,OUT,D. Vassell (Out),rotowire
2026-01-03,SAS,V. Wembanyama,OUT,V. Wembanyama (Out),rotowire
2026-01-03,HOU,A. Sengun,QUES,A. Sengun (Ques),rotowire
2026-01-03,HOU,S. Adams,OUT,S. Adams (Out),rotowire
2026-01-03,HOU,F. VanVleet,OUT,F. VanVleet (Out),rotowire
2026-01-03,HOU,P. Washington,QUES,P. Washington (Ques),rotowire
2026-01-03,HOU,Dante Exum,OFS,Dante Exum (OFS),rotowire
2026-01-03,HOU,D. Lively,OFS,D. Lively (OFS),rotowire
2026-01-03,HOU,K. Irving,OUT,K. Irving (Out),rotowire
2026-01-03,DAL,Dante Exum,OFS,Dante Exum (OFS),rotowire
2026-01-03,DAL,D. Lively,OFS,D. Lively (OFS),rotowire
2026-01-03,DAL,P. Washington,QUES,P. Washington (Ques),rotowire
2026-01-03,DAL,K. Irving,OUT,K. Irving (Out),rotowire
2026-01-03,UTA,W. Kessler,OFS,W. Kessler (OFS),rotowire
2026-01-03,UTA,Ace Bailey,OUT,Ace Bailey (Out),rotowire
2026-01-03,UTA,G. Niang,OUT,G. Niang (Out),rotowire
2026-01-03,UTA,J. Nurkic,OUT,J. Nurkic (Out),rotowire
2026-01-03,UTA,L. Cryer,QUES,L. Cryer (Ques),rotowire
2026-01-03,UTA,Seth Curry,OUT,Seth Curry (Out),rotowire
2026-01-03,UTA,Al Horford,OUT,Al Horford (Out),rotowire
2026-01-03,GSW,L. Cryer,QUES,L. Cryer (Ques),rotowire
2026-01-03,GSW,Seth Curry,OUT,Seth Curry (Out),rotowire
2026-01-03,GSW,Al Horford,OUT,Al Horford (Out),rotowire
2026-01-03,BOS,J. Tatum,OUT,J. Tatum (Out),rotowire
2026-01-03,BOS,B. Beal,OFS,B. Beal (OFS),rotowire
2026-01-03,BOS,B. Bogdanovic,OUT,B. Bogdanovic (Out),rotowire
2026-01-03,BOS,Chris Paul,OUT,Chris Paul (Out),rotowire
2026-01-03,LAC,B. Beal,OFS,B. Beal (OFS),rotowire
2026-01-03,LAC,B. Bogdanovic,OUT,B. Bogdanovic (Out),rotowire
2026-01-03,LAC,Chris Paul,OUT,Chris Paul (Out),rotowire
2026-01-04,DET,S. Merrill,QUES,S. Merrill (Ques),rotowire
2026-01-04,CLE,S. Merrill,QUES,S. Merrill (Ques),rotowire
2026-01-04,DEN,M. Porter,PROB,M. Porter (Prob),rotowire
2026-01-04,BKN,M. Porter,PROB,M. Porter (Prob),rotowire
2026-01-04,MIL,Z. LaVine,QUES,Z. LaVine (Ques),rotowire
2026-01-04,SAC,Z. LaVine,QUES,Z. LaVine (Ques),rotowire
2026-01-04,DEN,J. Murray,PROB,J. Murray (Prob),rotowire
2026-01-04,DEN,C. Braun,QUES,C. Braun (Ques),rotowire
2026-01-04,DEN,A. Gordon,QUES,A. Gordon (Ques),rotowire
2026-01-04,MIN,T. Vukcevic,QUES,T. Vukcevic (Ques),rotowire
2026-01-04,WAS,T. Vukcevic,QUES,T. Vukcevic (Ques),rotowire
2026-01-04,NOP,T. Murphy,QUES,T. Murphy (Ques),rotowire
2026-01-04,NOP,D. Queen,QUES,D. Queen (Ques),rotowire
2026-01-04,NOP,B. Adebayo,PROB,B. Adebayo (Prob),rotowire
2026-01-04,NOP,P. Larsson,PROB,P. Larsson (Prob),rotowire
2026-01-04,NOP,N. Jovic,QUES,N. Jovic (Ques),rotowire
2026-01-04,MIA,B. Adebayo,PROB,B. Adebayo (Prob),rotowire
2026-01-04,MIA,P. Larsson,PROB,P. Larsson (Prob),rotowire
2026-01-04,MIA,N. Jovic,QUES,N. Jovic (Ques),rotowire
2026-01-04,OKC,I. Joe,QUES,I. Joe (Ques),rotowire
2026-01-04,OKC,C. Wallace,QUES,C. Wallace (Ques),rotowire
2026-01-04,MIL,G. Antetokounmpo,PROB,G. Antetokounmpo (Prob),rotowire
2026-01-04,MIL,G. Harris,QUES,G. Harris (Ques),rotowire
2026-01-04,DET,Dean Wade,OUT,Dean Wade (Out),rotowire
2026-01-04,CLE,Dean Wade,OUT,Dean Wade (Out),rotowire
2026-01-04,NOP,Saddiq Bey,OUT,Saddiq Bey (Out),rotowire
2026-01-04,MEM,S. Aldama,QUES,S. Aldama (Ques),rotowire
2026-01-04,MEM,J. Morant,QUES,J. Morant (Ques),rotowire
2026-01-04,DET,C. LeVert,QUES,C. LeVert (Ques),rotowire
2026-01-04,DET,J. Duren,OUT,J. Duren (Out),rotowire
2026-01-04,DET,T. Harris,OUT,T. Harris (Out),rotowire
2026-01-04,DET,Fantasy Home,PROB,Fantasy Home (Prob),rotowire
2026-01-04,DET,Fantasy Football,REST,Fantasy Football (Rest),rotowire
2026-01-04,DET,J. Allen,QUES,J. Allen (Ques),rotowire
2026-01-04,DET,L. Nance,DOUBT,L. Nance (Doubt),rotowire
2026-01-04,DET,D. Wade,QUES,D. Wade (Ques),rotowire
2026-01-04,DET,Max Strus,OUT,Max Strus (Out),rotowire
2026-01-04,CLE,J. Allen,QUES,J. Allen (Ques),rotowire
2026-01-04,CLE,L. Nance,DOUBT,L. Nance (Doubt),rotowire
2026-01-04,CLE,D. Wade,QUES,D. Wade (Ques),rotowire
2026-01-04,CLE,Max Strus,OUT,Max Strus (Out),rotowire
2026-01-04,IND,T. Haliburton,OFS,T. Haliburton (OFS),rotowire
2026-01-04,IND,I. Jackson,QUES,I. Jackson (Ques),rotowire
2026-01-04,IND,B. Mathurin,OUT,B. Mathurin (Out),rotowire
2026-01-04,IND,Obi Toppin,OUT,Obi Toppin (Out),rotowire
2026-01-04,IND,C. Castleton,DOUBT,C. Castleton (Doubt),rotowire
2026-01-04,IND,J. Suggs,QUES,J. Suggs (Ques),rotowire
2026-01-04,IND,M. Wagner,QUES,M. Wagner (Ques),rotowire
2026-01-04,IND,F. Wagner,QUES,F. Wagner (Ques),rotowire
2026-01-04,ORL,C. Castleton,DOUBT,C. Castleton (Doubt),rotowire
2026-01-04,ORL,J. Suggs,QUES,J. Suggs (Ques),rotowire
2026-01-04,ORL,M. Wagner,QUES,M. Wagner (Ques),rotowire
2026-01-04,ORL,F. Wagner,QUES,F. Wagner (Ques),rotowire
2026-01-04,DEN,T. Bates,OUT,T. Bates (Out),rotowire
2026-01-04,DEN,C. Johnson,OUT,C. Johnson (Out),rotowire
2026-01-04,DEN,N. Jokic,OUT,N. Jokic (Out),rotowire
2026-01-04,DEN,J. Valanciunas,OUT,J. Valanciunas (Out),rotowire
2026-01-04,DEN,N. Claxton,PROB,N. Claxton (Prob),rotowire
2026-01-04,DEN,H. Highsmith,DOUBT,H. Highsmith (Doubt),rotowire
2026-01-04,BKN,N. Claxton,PROB,N. Claxton (Prob),rotowire
2026-01-04,BKN,H. Highsmith,DOUBT,H. Highsmith (Doubt),rotowire
2026-01-04,NOP,S. Bey,QUES,S. Bey (Ques),rotowire
2026-01-04,NOP,H. Jones,QUES,H. Jones (Ques),rotowire
2026-01-04,NOP,D. Murray,OUT,D. Murray (Out),rotowire
2026-01-04,NOP,T. Herro,QUES,T. Herro (Ques),rotowire
2026-01-04,NOP,J. Jaquez,QUES,J. Jaquez (Ques),rotowire
2026-01-04,NOP,T. Rozier,OUT,T. Rozier (Out),rotowire
2026-01-04,MIA,T. Herro,QUES,T. Herro (Ques),rotowire
2026-01-04,MIA,J. Jaquez,QUES,J. Jaquez (Ques),rotowire
2026-01-04,MIA,T. Rozier,OUT,T. Rozier (Out),rotowire
2026-01-04,MIN,T. Shannon,OUT,T. Shannon (Out),rotowire
2026-01-04,MIN,K. George,QUES,K. George (Ques),rotowire
2026-01-04,MIN,C. Whitmore,OUT,C. Whitmore (Out),rotowire
2026-01-04,WAS,K. George,QUES,K. George (Ques),rotowire
2026-01-04,WAS,C. Whitmore,OUT,C. Whitmore (Out),rotowire
2026-01-04,OKC,I. Hartenstein,QUES,I. Hartenstein (Ques),rotowire
2026-01-04,OKC,T. Sorber,OFS,T. Sorber (OFS),rotowire
2026-01-04,OKC,J. Williams,DOUBT,J. Williams (Doubt),rotowire
2026-01-04,OKC,O. Dieng,OUT,O. Dieng (Out),rotowire
2026-01-04,OKC,N. Topic,OUT,N. Topic (Out),rotowire
2026-01-04,OKC,G. Allen,QUES,G. Allen (Ques),rotowire
2026-01-04,OKC,J. Green,OUT,J. Green (Out),rotowire
2026-01-04,PHX,G. Allen,QUES,G. Allen (Ques),rotowire
2026-01-04,PHX,J. Green,OUT,J. Green (Out),rotowire
2026-01-04,MIL,T. Prince,OUT,T. Prince (Out),rotowire
2026-01-04,MIL,K. Murray,QUES,K. Murray (Ques),rotowire
2026-01-04,MIL,D. Sabonis,OUT,D. Sabonis (Out),rotowire
2026-01-04,SAC,K. Murray,QUES,K. Murray (Ques),rotowire
2026-01-04,SAC,D. Sabonis,OUT,D. Sabonis (Out),rotowire
2026-01-04,MEM,C. Coward,QUES,C. Coward (Ques),rotowire
2026-01-04,MEM,B. Clarke,OUT,B. Clarke (Out),rotowire
2026-01-04,MEM,Zach Edey,OUT,Zach Edey (Out),rotowire
2026-01-04,MEM,Ty Jerome,OUT,Ty Jerome (Out),rotowire
2026-01-04,MEM,J. Konchar,OUT,J. Konchar (Out),rotowire
2026-01-04,MEM,Ja Morant,OUT,Ja Morant (Out),rotowire
2026-01-04,MEM,S. Pippen,OUT,S. Pippen (Out),rotowire
2026-01-04,MEM,V. Williams,OUT,V. Williams (Out),rotowire
2026-01-04,MEM,R. Hachimura,OUT,R. Hachimura (Out),rotowire
2026-01-04,MEM,A. Reaves,OUT,A. Reaves (Out),rotowire
2026-01-04,MEM,A. Thiero,OUT,A. Thiero (Out),rotowire
2026-01-04,MEM,G. Vincent,OUT,G. Vincent (Out),rotowire
2026-01-04,LAL,R. Hachimura,OUT,R. Hachimura (Out),rotowire
2026-01-04,LAL,A. Reaves,OUT,A. Reaves (Out),rotowire
2026-01-04,LAL,A. Thiero,OUT,A. Thiero (Out),rotowire
2026-01-04,LAL,G. Vincent,OUT,G. Vincent (Out),rotowire
2026-01-05,UTA,J. Nurkic,QUES,J. Nurkic (Ques),rotowire
2026-01-05,CHI,C. White,PROB,C. White (Prob),rotowire
2026-01-05,ATL,L. Kennard,QUES,L. Kennard (Ques),rotowire
2026-01-05,PHX,G. Allen,PROB,G. Allen (Prob),rotowire
2026-01-05,PHX,S. Adams,QUES,S. Adams (Ques),rotowire
2026-01-05,HOU,S. Adams,QUES,S. Adams (Ques),rotowire
2026-01-05,NYK,C. Cunningham,PROB,C. Cunningham (Prob),rotowire
2026-01-05,NYK,D. Robinson,PROB,D. Robinson (Prob),rotowire
2026-01-05,DET,C. Cunningham,PROB,C. Cunningham (Prob),rotowire
2026-01-05,DET,D. Robinson,PROB,D. Robinson (Prob),rotowire
2026-01-05,PHX,M. Williams,PROB,M. Williams (Prob),rotowire
2026-01-05,CHA,M. Diabate,PROB,M. Diabate (Prob),rotowire
2026-01-05,CHA,K. Knueppel,PROB,K. Knueppel (Prob),rotowire
2026-01-05,CHA,B. Miller,PROB,B. Miller (Prob),rotowire
2026-01-05,CHA,T. Salaun,PROB,T. Salaun (Prob),rotowire
2026-01-05,DEN,J. Embiid,PROB,J. Embiid (Prob),rotowire
2026-01-05,PHI,J. Embiid,PROB,J. Embiid (Prob),rotowire
2026-01-05,GSW,Y. Niederhauser,PROB,Y. Niederhauser (Prob),rotowire
2026-01-05,LAC,Y. Niederhauser,PROB,Y. Niederhauser (Prob),rotowire
2026-01-05,UTA,A. Bailey,QUES,A. Bailey (Ques),rotowire
2026-01-05,UTA,R. Williams,PROB,R. Williams (Prob),rotowire
2026-01-05,POR,R. Williams,PROB,R. Williams (Prob),rotowire
2026-01-05,ATL,Trae Young,OUT,Trae Young (Out),rotowire
2026-01-05,NYK,L. Shamet,DOUBT,L. Shamet (Doubt),rotowire
2026-01-05,NYK,Josh Hart,OUT,Josh Hart (Out),rotowire
2026-01-05,NYK,Fantasy Home,PROB,Fantasy Home (Prob),rotowire
2026-01-05,NYK,Fantasy Football,REST,Fantasy Football (Rest),rotowire
2026-01-05,NYK,C. LeVert,QUES,C. LeVert (Ques),rotowire
2026-01-05,NYK,J. Duren,OUT,J. Duren (Out),rotowire
2026-01-05,NYK,T. Harris,OUT,T. Harris (Out),rotowire
2026-01-05,DET,C. LeVert,QUES,C. LeVert (Ques),rotowire
2026-01-05,DET,J. Duren,OUT,J. Duren (Out),rotowire
2026-01-05,DET,T. Harris,OUT,T. Harris (Out),rotowire
2026-01-05,CHI,N. Essengue,OFS,N. Essengue (OFS),rotowire
2026-01-05,CHI,T. Flowers,QUES,T. Flowers (Ques),rotowire
2026-01-05,CHI,J. Smith,QUES,J. Smith (Ques),rotowire
2026-01-05,CHI,Z. Collins,OUT,Z. Collins (Out),rotowire
2026-01-05,CHI,J. Giddey,OUT,J. Giddey (Out),rotowire
2026-01-05,CHI,J. Tatum,OUT,J. Tatum (Out),rotowire
2026-01-05,BOS,J. Tatum,OUT,J. Tatum (Out),rotowire
2026-01-05,ATL,N. Dante,OFS,N. Dante (OFS),rotowire
2026-01-05,ATL,T. Young,QUES,T. Young (Ques),rotowire
2026-01-05,ATL,J. Poeltl,DOUBT,J. Poeltl (Doubt),rotowire
2026-01-05,TOR,J. Poeltl,DOUBT,J. Poeltl (Doubt),rotowire
2026-01-05,PHX,J. Bouyea,OUT,J. Bouyea (Out),rotowire
2026-01-05,PHX,J. Green,OUT,J. Green (Out),rotowire
2026-01-05,PHX,A. Sengun,OUT,A. Sengun (Out),rotowire
2026-01-05,PHX,F. VanVleet,OUT,F. VanVleet (Out),rotowire
2026-01-05,HOU,A. Sengun,OUT,A. Sengun (Out),rotowire
2026-01-05,HOU,F. VanVleet,OUT,F. VanVleet (Out),rotowire
2026-01-05,CHA,R. Kalkbrenner,OUT,R. Kalkbrenner (Out),rotowire
2026-01-05,CHA,M. Plumlee,OUT,M. Plumlee (Out),rotowire
2026-01-05,CHA,G. Williams,OUT,G. Williams (Out),rotowire
2026-01-05,CHA,T. Sorber,OFS,T. Sorber (OFS),rotowire
2026-01-05,CHA,B. Barnhizer,OUT,B. Barnhizer (Out),rotowire
2026-01-05,CHA,A. Caruso,OUT,A. Caruso (Out),rotowire
2026-01-05,CHA,O. Dieng,OUT,O. Dieng (Out),rotowire
2026-01-05,CHA,I. Hartenstein,OUT,I. Hartenstein (Out),rotowire
2026-01-05,CHA,N. Topic,OUT,N. Topic (Out),rotowire
2026-01-05,CHA,J. Williams,OUT,J. Williams (Out),rotowire
2026-01-05,OKC,T. Sorber,OFS,T. Sorber (OFS),rotowire
2026-01-05,OKC,B. Barnhizer,OUT,B. Barnhizer (Out),rotowire
2026-01-05,OKC,A. Caruso,OUT,A. Caruso (Out),rotowire
2026-01-05,OKC,O. Dieng,OUT,O. Dieng (Out),rotowire
2026-01-05,OKC,I. Hartenstein,OUT,I. Hartenstein (Out),rotowire
2026-01-05,OKC,N. Topic,OUT,N. Topic (Out),rotowire
2026-01-05,OKC,J. Williams,OUT,J. Williams (Out),rotowire
2026-01-05,DEN,T. Bates,OUT,T. Bates (Out),rotowire
2026-01-05,DEN,C. Braun,OUT,C. Braun (Out),rotowire
2026-01-05,DEN,A. Gordon,OUT,A. Gordon (Out),rotowire
2026-01-05,DEN,T. Hardaway,OUT,T. Hardaway (Out),rotowire
2026-01-05,DEN,C. Johnson,OUT,C. Johnson (Out),rotowire
2026-01-05,DEN,N. Jokic,OUT,N. Jokic (Out),rotowire
2026-01-05,DEN,J. Murray,OUT,J. Murray (Out),rotowire
2026-01-05,DEN,J. Valanciunas,OUT,J. Valanciunas (Out),rotowire
2026-01-05,DEN,K. Oubre,OUT,K. Oubre (Out),rotowire
2026-01-05,DEN,T. Watford,OUT,T. Watford (Out),rotowire
2026-01-05,PHI,K. Oubre,OUT,K. Oubre (Out),rotowire
2026-01-05,PHI,T. Watford,OUT,T. Watford (Out),rotowire
2026-01-05,GSW,LJ Cryer,OUT,LJ Cryer (Out),rotowire
2026-01-05,GSW,Seth Curry,OUT,Seth Curry (Out),rotowire
2026-01-05,GSW,B. Beal,OFS,B. Beal (OFS),rotowire
2026-01-05,GSW,B. Bogdanovic,OUT,B. Bogdanovic (Out),rotowire
2026-01-05,GSW,J. Harden,OUT,J. Harden (Out),rotowire
2026-01-05,GSW,D. Jones,OUT,D. Jones (Out),rotowire
2026-01-05,GSW,Chris Paul,OUT,Chris Paul (Out),rotowire
2026-01-05,LAC,B. Beal,OFS,B. Beal (OFS),rotowire
2026-01-05,LAC,B. Bogdanovic,OUT,B. Bogdanovic (Out),rotowire
2026-01-05,LAC,J. Harden,OUT,J. Harden (Out),rotowire
2026-01-05,LAC,D. Jones,OUT,D. Jones (Out),rotowire
2026-01-05,LAC,Chris Paul,OUT,Chris Paul (Out),rotowire
2026-01-05,UTA,W. Kessler,OFS,W. Kessler (OFS),rotowire
2026-01-05,UTA,Ace Bailey,OUT,Ace Bailey (Out),rotowire
2026-01-05,UTA,Kevin Love,OUT,Kevin Love (Out),rotowire
2026-01-05,UTA,G. Niang,OUT,G. Niang (Out),rotowire
2026-01-05,UTA,D. Lillard,OFS,D. Lillard (OFS),rotowire
2026-01-05,UTA,J. Grant,OUT,J. Grant (Out),rotowire
2026-01-05,UTA,S. Henderson,OUT,S. Henderson (Out),rotowire
2026-01-05,UTA,J. Holiday,OUT,J. Holiday (Out),rotowire
2026-01-05,UTA,M. Thybulle,OUT,M. Thybulle (Out),rotowire
2026-01-05,UTA,B. Wesley,OUT,B. Wesley (Out),rotowire
2026-01-05,POR,D. Lillard,OFS,D. Lillard (OFS),rotowire
2026-01-05,POR,J. Grant,OUT,J. Grant (Out),rotowire
2026-01-05,POR,S. Henderson,OUT,S. Henderson (Out),rotowire
2026-01-05,POR,J. Holiday,OUT,J. Holiday (Out),rotowire
2026-01-05,POR,M. Thybulle,OUT,M. Thybulle (Out),rotowire
2026-01-05,POR,B. Wesley,OUT,B. Wesley (Out),rotowire
2026-01-06,CLE,J. Allen,QUES,J. Allen (Ques),rotowire
2026-01-06,CLE,D. Wade,QUES,D. Wade (Ques),rotowire
2026-01-06,CLE,D. Mitchell,OUT,D. Mitchell (Out),rotowire
2026-01-06,CLE,L. Nance,OUT,L. Nance (Out),rotowire
2026-01-06,CLE,Max Strus,OUT,Max Strus (Out),rotowire
2026-01-06,CLE,Fantasy Home,PROB,Fantasy Home (Prob),rotowire
2026-01-06,CLE,Fantasy Football,REST,Fantasy Football (Rest),rotowire
2026-01-06,CLE,T. Haliburton,OFS,T. Haliburton (OFS),rotowire
2026-01-06,CLE,I. Jackson,OUT,I. Jackson (Out),rotowire
2026-01-06,CLE,B. Mathurin,OUT,B. Mathurin (Out),rotowire
2026-01-06,CLE,Obi Toppin,OUT,Obi Toppin (Out),rotowire
2026-01-06,IND,T. Haliburton,OFS,T. Haliburton (OFS),rotowire
2026-01-06,IND,I. Jackson,OUT,I. Jackson (Out),rotowire
2026-01-06,IND,B. Mathurin,OUT,B. Mathurin (Out),rotowire
2026-01-06,IND,Obi Toppin,OUT,Obi Toppin (Out),rotowire
2026-01-06,ORL,J. Suggs,DOUBT,J. Suggs (Doubt),rotowire
2026-01-06,ORL,M. Wagner,OUT,M. Wagner (Out),rotowire
2026-01-06,ORL,F. Wagner,OUT,F. Wagner (Out),rotowire
2026-01-06,ORL,K. George,OUT,K. George (Out),rotowire
2026-01-06,ORL,C. Kispert,OUT,C. Kispert (Out),rotowire
2026-01-06,ORL,C. Whitmore,OUT,C. Whitmore (Out),rotowire
2026-01-06,WAS,K. George,OUT,K. George (Out),rotowire
2026-01-06,WAS,C. Kispert,OUT,C. Kispert (Out),rotowire
2026-01-06,WAS,C. Whitmore,OUT,C. Whitmore (Out),rotowire
2026-01-06,LAL,G. Vincent,QUES,G. Vincent (Ques),rotowire
2026-01-06,LAL,R. Hachimura,OUT,R. Hachimura (Out),rotowire
2026-01-06,LAL,A. Reaves,OUT,A. Reaves (Out),rotowire
2026-01-06,LAL,A. Thiero,OUT,A. Thiero (Out),rotowire
2026-01-06,LAL,H. Jones,QUES,H. Jones (Ques),rotowire
2026-01-06,LAL,Saddiq Bey,OUT,Saddiq Bey (Out),rotowire
2026-01-06,LAL,D. Murray,OUT,D. Murray (Out),rotowire
2026-01-06,NOP,H. Jones,QUES,H. Jones (Ques),rotowire
2026-01-06,NOP,Saddiq Bey,OUT,Saddiq Bey (Out),rotowire
2026-01-06,NOP,D. Murray,OUT,D. Murray (Out),rotowire
2026-01-06,MIA,J. Jaquez,QUES,J. Jaquez (Ques),rotowire
2026-01-06,MIA,K. Johnson,PROB,K. Johnson (Prob),rotowire
2026-01-06,MIA,N. Jovic,PROB,N. Jovic (Prob),rotowire
2026-01-06,MIA,T. Herro,QUES,T. Herro (Ques),rotowire
2026-01-06,MIA,T. Rozier,OUT,T. Rozier (Out),rotowire
2026-01-06,MIA,T. Shannon,OUT,T. Shannon (Out),rotowire
2026-01-06,MIN,T. Shannon,OUT,T. Shannon (Out),rotowire
2026-01-06,SAS,V. Wembanyama,QUES,V. Wembanyama (Ques),rotowire
2026-01-06,SAS,D. Vassell,OUT,D. Vassell (Out),rotowire
2026-01-06,SAS,J. Morant,QUES,J. Morant (Ques),rotowire
2026-01-06,SAS,V. Williams,QUES,V. Williams (Ques),rotowire
2026-01-06,SAS,B. Clarke,OUT,B. Clarke (Out),rotowire
2026-01-06,SAS,C. Coward,OUT,C. Coward (Out),rotowire
2026-01-06,SAS,Zach Edey,OUT,Zach Edey (Out),rotowire
2026-01-06,SAS,Ty Jerome,OUT,Ty Jerome (Out),rotowire
2026-01-06,SAS,J. Konchar,OUT,J. Konchar (Out),rotowire
2026-01-06,SAS,S. Pippen,OUT,S. Pippen (Out),rotowire
2026-01-06,MEM,J. Morant,QUES,J. Morant (Ques),rotowire
2026-01-06,MEM,V. Williams,QUES,V. Williams (Ques),rotowire
2026-01-06,MEM,B. Clarke,OUT,B. Clarke (Out),rotowire
2026-01-06,MEM,C. Coward,OUT,C. Coward (Out),rotowire
2026-01-06,MEM,Zach Edey,OUT,Zach Edey (Out),rotowire
2026-01-06,MEM,Ty Jerome,OUT,Ty Jerome (Out),rotowire
2026-01-06,MEM,J. Konchar,OUT,J. Konchar (Out),rotowire
2026-01-06,MEM,S. Pippen,OUT,S. Pippen (Out),rotowire
2026-01-06,DAL,Dante Exum,OFS,Dante Exum (OFS),rotowire
2026-01-06,DAL,D. Lively,OFS,D. Lively (OFS),rotowire
2026-01-06,DAL,P. Washington,DOUBT,P. Washington (Doubt),rotowire
2026-01-06,DAL,K. Irving,OUT,K. Irving (Out),rotowire
2026-01-06,DAL,K. Murray,OUT,K. Murray (Out),rotowire
2026-01-06,DAL,D. Sabonis,OUT,D. Sabonis (Out),rotowire
2026-01-06,SAC,K. Murray,OUT,K. Murray (Out),rotowire
2026-01-06,SAC,D. Sabonis,OUT,D. Sabonis (Out),rotowire
